{"stats":{"minecraft:broken":{"minecraft:iron_shovel":1,"minecraft:stone_pickaxe":1,"minecraft:flint_and_steel":1,"minecraft:shield":1,"minecraft:iron_pickaxe":1},"minecraft:dropped":{"minecraft:porkchop":6,"minecraft:ominous_bottle":3,"minecraft:cooked_beef":73,"minecraft:oak_log":64,"minecraft:diamond":8,"minecraft:cooked_porkchop":4,"minecraft:crossbow":27,"minecraft:weeping_vines":13,"minecraft:warped_roots":3,"minecraft:leather":3,"minecraft:leather_helmet":1,"minecraft:spruce_leaves":1,"minecraft:flint":1,"minecraft:emerald":287,"minecraft:dirt":664,"minecraft:cornflower":1,"minecraft:mutton":2,"minecraft:crimson_roots":11,"minecraft:bone_meal":123,"minecraft:phantom_membrane":2,"minecraft:sand":5,"minecraft:bone":52,"minecraft:tuff_slab":65,"minecraft:gravel":3,"minecraft:stone_axe":26,"minecraft:blackstone":4,"minecraft:ancient_debris":1,"minecraft:iron_nugget":3,"minecraft:cobbled_deepslate":33,"minecraft:netherite_sword":1,"minecraft:wheat":1,"minecraft:cherry_sapling":45,"minecraft:rotten_flesh":35,"minecraft:end_stone":6,"minecraft:chainmail_chestplate":12,"minecraft:tipped_arrow":4,"minecraft:gunpowder":33,"minecraft:coal_ore":42,"minecraft:ochre_froglight":1,"minecraft:chest":1,"minecraft:basalt":21,"minecraft:arrow":5,"minecraft:quartz":65,"minecraft:netherrack":400,"minecraft:lectern":1,"minecraft:egg":1,"minecraft:enchanted_book":1,"minecraft:water_bucket":1,"minecraft:iron_ingot":1,"minecraft:netherite_pickaxe":2,"minecraft:wheat_seeds":96,"minecraft:golden_helmet":1,"minecraft:cherry_log":1,"minecraft:diamond_leggings":1,"minecraft:netherite_chestplate":1,"minecraft:iron_helmet":14,"minecraft:cobblestone":423,"minecraft:granite":2,"minecraft:chainmail_helmet":24,"minecraft:grass_block":1,"minecraft:stick":75,"minecraft:end_rod":19,"minecraft:oxeye_daisy":1,"minecraft:ink_sac":2,"minecraft:waxed_weathered_copper_bulb":2,"minecraft:nether_wart_block":1,"minecraft:diamond_helmet":1,"minecraft:iron_leggings":22,"minecraft:iron_axe":1,"minecraft:flow_banner_pattern":1,"minecraft:iron_shovel":1,"minecraft:chainmail_leggings":11,"minecraft:string":77,"minecraft:pink_petals":4,"minecraft:spruce_sapling":1,"minecraft:dandelion":17,"minecraft:redstone":221,"minecraft:netherite_hoe":1,"minecraft:oak_trapdoor":1,"minecraft:netherite_ingot":7,"minecraft:tuff":433,"minecraft:diamond_hoe":8,"minecraft:stone_shovel":62,"minecraft:clay_ball":32,"minecraft:iron_boots":25,"minecraft:filled_map":1,"minecraft:diamond_sword":1,"minecraft:stone":491,"minecraft:shield":12,"minecraft:diamond_chestplate":1,"minecraft:iron_chestplate":13,"minecraft:diamond_pickaxe":3,"minecraft:andesite":291,"minecraft:oak_boat":1,"minecraft:fire_coral_block":1,"minecraft:golden_sword":1,"minecraft:spider_eye":8,"minecraft:stone_bricks":1,"minecraft:bamboo":70,"minecraft:diamond_boots":1,"minecraft:bow":7,"minecraft:purple_shulker_box":3,"minecraft:wooden_pickaxe":1,"minecraft:magma_block":5,"minecraft:brick":45},"minecraft:crafted":{"minecraft:oak_planks":16,"minecraft:chainmail_helmet":24,"minecraft:diamond_shovel":1,"minecraft:bookshelf":16,"minecraft:shulker_box":5,"minecraft:hopper":62,"minecraft:diamond_helmet":1,"minecraft:bow":27,"minecraft:diamond_leggings":2,"minecraft:iron_boots":25,"minecraft:netherite_boots":5,"minecraft:chest":132,"minecraft:netherite_helmet":6,"minecraft:netherite_upgrade_smithing_template":6,"minecraft:oak_slab":6,"minecraft:emerald":150,"minecraft:arrow":352,"minecraft:diamond_axe":1,"minecraft:crafting_table":2,"minecraft:spruce_planks":1896,"minecraft:wooden_pickaxe":1,"minecraft:iron_helmet":13,"minecraft:chainmail_chestplate":12,"minecraft:black_shulker_box":1,"minecraft:lime_shulker_box":1,"minecraft:iron_chestplate":13,"minecraft:diamond_pickaxe":1,"minecraft:shield":15,"minecraft:stick":1800,"minecraft:iron_pickaxe":2,"minecraft:iron_ingot":43,"minecraft:netherite_ingot":16,"minecraft:stone_shovel":62,"minecraft:netherite_sword":1,"minecraft:diamond_hoe":9,"minecraft:furnace":1,"minecraft:bone_meal":186,"minecraft:blue_shulker_box":1,"minecraft:oak_trapdoor":8,"minecraft:netherite_chestplate":6,"minecraft:netherite_axe":1,"minecraft:netherite_leggings":6,"minecraft:light_gray_shulker_box":1,"minecraft:red_shulker_box":1,"minecraft:stone_pickaxe":1,"minecraft:diamond_boots":1,"minecraft:netherite_scrap":64,"minecraft:chainmail_leggings":11,"minecraft:crimson_planks":2408,"minecraft:crossbow":24,"minecraft:netherite_pickaxe":2,"minecraft:purple_shulker_box":1,"minecraft:crimson_slab":960,"minecraft:bucket":1,"minecraft:stone_axe":26,"minecraft:enchanted_book":34,"minecraft:air":0,"minecraft:crimson_stairs":792,"minecraft:netherite_shovel":1,"minecraft:iron_shovel":1,"minecraft:iron_leggings":22,"minecraft:white_bed":1,"minecraft:torch":88,"minecraft:diamond_chestplate":2},"minecraft:picked_up":{"minecraft:shulker_shell":9,"minecraft:wheat":66,"minecraft:light_gray_shulker_box":3,"minecraft:smithing_table":8,"minecraft:diamond_sword":1,"minecraft:potion":1,"minecraft:enchanted_book":9,"minecraft:purple_shulker_box":5,"minecraft:brewing_stand":7,"minecraft:golden_sword":1,"minecraft:string":30,"minecraft:netherite_ingot":1,"minecraft:black_shulker_box":8,"minecraft:gold_nugget":45,"minecraft:cobbled_deepslate":921,"minecraft:comparator":6,"minecraft:spruce_planks":7,"minecraft:trial_key":6,"minecraft:redstone_torch":5,"minecraft:netherite_upgrade_smithing_template":1,"minecraft:melon_slice":12,"minecraft:furnace":4,"minecraft:dark_oak_door":144,"minecraft:tipped_arrow":24,"minecraft:golden_helmet":1,"minecraft:stick":94,"minecraft:acacia_fence":1,"minecraft:composter":7,"minecraft:big_dripleaf":3,"minecraft:torch":30,"minecraft:porkchop":6,"minecraft:cherry_log":297,"minecraft:waxed_weathered_copper_bulb":2,"minecraft:diorite":33,"minecraft:cauldron":14,"minecraft:rotten_flesh":67,"minecraft:iron_block":3,"minecraft:end_rod":19,"minecraft:obsidian":18,"minecraft:cobblestone":686,"minecraft:pink_petals":4,"minecraft:magma_block":7,"minecraft:polished_diorite_slab":64,"minecraft:cooked_beef":54,"minecraft:magma_cream":2,"minecraft:repeater":27,"minecraft:water_bucket":1,"minecraft:andesite":345,"minecraft:beacon":1,"minecraft:potato":275,"minecraft:flint":11,"minecraft:tuff":1217,"minecraft:lapis_lazuli":190,"minecraft:dirt":2604,"minecraft:bone":143,"minecraft:bow":6,"minecraft:stonecutter":4,"minecraft:wheat_seeds":284,"minecraft:raw_gold":8,"minecraft:bell":1,"minecraft:grindstone":1,"minecraft:fletching_table":9,"minecraft:bamboo":249,"minecraft:oak_planks":83,"minecraft:chiseled_polished_blackstone":4,"minecraft:cooked_porkchop":15,"minecraft:poisonous_potato":1,"minecraft:sand":5,"minecraft:ink_sac":2,"minecraft:grass_block":2,"minecraft:shulker_box":3,"minecraft:polished_andesite":1,"minecraft:dispenser":10,"minecraft:diamond":163,"minecraft:lever":1,"minecraft:cracked_polished_blackstone_bricks":16,"minecraft:granite":11,"minecraft:crossbow":4,"minecraft:breeze_rod":2,"minecraft:emerald":79,"minecraft:spruce_sign":2,"minecraft:bread":2,"minecraft:oak_sapling":4,"minecraft:netherrack":1294,"minecraft:crimson_roots":11,"minecraft:diamond_pickaxe":3,"minecraft:crafting_table":9,"minecraft:ominous_bottle":1,"minecraft:clay_ball":32,"minecraft:gold_block":10,"minecraft:dragon_head":2,"minecraft:brick":64,"minecraft:cornflower":1,"minecraft:oak_trapdoor":8,"minecraft:elytra":1,"minecraft:iron_axe":2,"minecraft:flint_and_steel":1,"minecraft:blackstone":41,"minecraft:netherite_sword":1,"minecraft:oak_boat":2,"minecraft:observer":11,"minecraft:iron_nugget":2,"minecraft:lectern":201,"minecraft:blue_shulker_box":5,"minecraft:chest":64,"minecraft:phantom_membrane":4,"minecraft:egg":1,"minecraft:lime_shulker_box":1,"minecraft:lime_wool":7,"minecraft:raw_iron":87,"minecraft:end_stone":14,"minecraft:stone":856,"minecraft:polished_blackstone_bricks":16,"minecraft:flow_pottery_sherd":1,"minecraft:redstone":221,"minecraft:netherite_pickaxe":1,"minecraft:music_disc_creator_music_box":1,"minecraft:arrow":94,"minecraft:weeping_vines":13,"minecraft:red_shulker_box":3,"minecraft:nether_bricks":8,"minecraft:gold_ingot":7,"minecraft:mutton":6,"minecraft:white_wool":4,"minecraft:oxeye_daisy":1,"minecraft:basalt":33,"minecraft:golden_carrot":1,"minecraft:crimson_stem":621,"minecraft:leather":3,"minecraft:ochre_froglight":1,"minecraft:oak_log":4,"minecraft:waxed_copper_block":1,"minecraft:ancient_debris":20,"minecraft:yellow_bed":6,"minecraft:nether_wart_block":1,"minecraft:gunpowder":50,"minecraft:cooked_mutton":3,"minecraft:stone_bricks":3,"minecraft:iron_ingot":5,"minecraft:book":49,"minecraft:scaffolding":373,"minecraft:oak_slab":1,"minecraft:quartz":128,"minecraft:dandelion":17,"minecraft:gravel":46,"minecraft:crimson_stairs":3,"minecraft:tuff_slab":1079,"minecraft:dead_fire_coral_block":1,"minecraft:spruce_sapling":38,"minecraft:blast_furnace":4,"minecraft:white_bed":11,"minecraft:spruce_log":548,"minecraft:spider_eye":11,"minecraft:dragon_egg":1,"minecraft:leather_helmet":1,"minecraft:coal_ore":42,"minecraft:stone_axe":2,"minecraft:iron_helmet":1,"minecraft:cherry_sapling":122,"minecraft:warped_roots":3,"minecraft:baked_potato":2,"minecraft:netherite_hoe":1,"minecraft:stripped_dark_oak_log":256,"minecraft:coal":39,"minecraft:hopper":24,"minecraft:ender_pearl":2},"minecraft:killed":{"minecraft:witch":3,"minecraft:spider":10,"minecraft:shulker":11,"minecraft:skeleton":437,"minecraft:piglin_brute":3,"minecraft:magma_cube":4,"minecraft:piglin":17,"minecraft:pig":5,"minecraft:zombie_villager":2,"minecraft:ender_dragon":1,"minecraft:creeper":419,"minecraft:sheep":4,"minecraft:zombie":384,"minecraft:stray":13,"minecraft:ghast":1,"minecraft:phantom":1,"minecraft:drowned":1,"minecraft:hoglin":4,"minecraft:breeze":2,"minecraft:villager":6,"minecraft:enderman":2},"minecraft:custom":{"minecraft:animals_bred":7,"minecraft:interact_with_crafting_table":67,"minecraft:open_barrel":4,"minecraft:open_shulker_box":39,"minecraft:bell_ring":43,"minecraft:leave_game":11,"minecraft:time_since_death":0,"minecraft:sprint_one_cm":1655750,"minecraft:damage_blocked_by_shield":3155,"minecraft:drop":522,"minecraft:talked_to_villager":500,"minecraft:play_time":2096237,"minecraft:deaths":19,"minecraft:jump":11285,"minecraft:interact_with_brewingstand":1,"minecraft:walk_on_water_one_cm":59280,"minecraft:enchant_item":41,"minecraft:interact_with_furnace":40,"minecraft:traded_with_villager":491,"minecraft:interact_with_loom":4,"minecraft:sleep_in_bed":10,"minecraft:damage_dealt":36172,"minecraft:interact_with_beacon":11,"minecraft:player_kills":4,"minecraft:crouch_one_cm":383699,"minecraft:inspect_dispenser":22,"minecraft:interact_with_smithing_table":17,"minecraft:interact_with_anvil":28,"minecraft:mob_kills":1410,"minecraft:inspect_hopper":70,"minecraft:climb_one_cm":110738,"minecraft:walk_one_cm":1384797,"minecraft:sneak_time":91327,"minecraft:walk_under_water_one_cm":54585,"minecraft:boat_one_cm":25531,"minecraft:interact_with_blast_furnace":30,"minecraft:total_world_time":2096237,"minecraft:interact_with_grindstone":1,"minecraft:time_since_rest":1682,"minecraft:damage_taken":10639,"minecraft:swim_one_cm":153852,"minecraft:fly_one_cm":3520653,"minecraft:open_chest":731,"minecraft:aviate_one_cm":3182131,"minecraft:fall_one_cm":256309},"minecraft:killed_by":{"minecraft:zombie":4,"minecraft:player":3,"minecraft:stray":3,"minecraft:skeleton":1,"minecraft:phantom":1},"minecraft:used":{"minecraft:tuff_slab":1328,"minecraft:cherry_sapling":76,"minecraft:nether_brick_fence":3,"minecraft:iron_shovel":252,"minecraft:dispenser":11,"minecraft:diamond_hoe":23,"minecraft:oak_sign":21,"minecraft:shield":56,"minecraft:chest":104,"minecraft:purple_shulker_box":3,"minecraft:stone":388,"minecraft:bell":1,"minecraft:rotten_flesh":1,"minecraft:spruce_leaves":54,"minecraft:iron_chestplate":1,"minecraft:mutton":4,"minecraft:nether_bricks":8,"minecraft:tuff":1136,"minecraft:obsidian":18,"minecraft:big_dripleaf":3,"minecraft:glass":224,"minecraft:lava_bucket":21,"minecraft:netherite_shovel":5241,"minecraft:villager_spawn_egg":24,"minecraft:grass_block":6,"minecraft:iron_helmet":1,"minecraft:hopper_minecart":1,"minecraft:repeater":29,"minecraft:magma_block":2,"minecraft:bow":34,"minecraft:scaffolding":146,"minecraft:ominous_bottle":1,"minecraft:oak_sapling":4,"minecraft:blue_shulker_box":6,"minecraft:furnace":2,"minecraft:acacia_fence":2,"minecraft:potato":89,"minecraft:diorite":2,"minecraft:dark_oak_stairs":1,"minecraft:spruce_door":1,"minecraft:oak_planks":144,"minecraft:stone_pickaxe":131,"minecraft:powered_rail":12,"minecraft:jungle_fence":2,"minecraft:polished_diorite_slab":1,"minecraft:blackstone":23,"minecraft:ender_pearl":1,"minecraft:wooden_pickaxe":14,"minecraft:redstone_block":3,"minecraft:composter":7,"minecraft:white_wool":1,"minecraft:dark_oak_trapdoor":1,"minecraft:loom":1,"minecraft:blast_furnace":7,"minecraft:crossbow":4,"minecraft:end_stone":8,"minecraft:birch_fence":1,"minecraft:creeper_spawn_egg":1,"minecraft:redstone_torch":5,"minecraft:lever":1,"minecraft:firework_rocket":134,"minecraft:dark_oak_log":2,"minecraft:melon_slice":12,"minecraft:lectern":205,"minecraft:gravel":5,"minecraft:diamond_sword":69,"minecraft:bubble_coral_block":1,"minecraft:dark_oak_fence":3,"minecraft:grindstone":1,"minecraft:smithing_table":11,"minecraft:andesite":8,"minecraft:oak_boat":1,"minecraft:oak_fence":3,"minecraft:bone_meal":84,"minecraft:diorite_slab":1,"minecraft:oak_trapdoor":21,"minecraft:netherite_sword":731,"minecraft:polished_blackstone_brick_slab":1,"minecraft:crimson_fence":2,"minecraft:flint_and_steel":7,"minecraft:redstone":22,"minecraft:spruce_planks":6,"minecraft:mangrove_fence":1,"minecraft:trial_key":2,"minecraft:netherrack":99,"minecraft:torch":150,"minecraft:light_gray_shulker_box":3,"minecraft:dragon_egg":1,"minecraft:brewing_stand":7,"minecraft:dirt":707,"minecraft:anvil":6,"minecraft:hopper":87,"minecraft:shulker_box":3,"minecraft:granite":9,"minecraft:spruce_fence":3,"minecraft:red_shulker_box":4,"minecraft:sea_lantern":1,"minecraft:bamboo_fence":3,"minecraft:bookshelf":16,"minecraft:iron_block":170,"minecraft:iron_axe":532,"minecraft:warped_fence":2,"minecraft:iron_boots":1,"minecraft:bamboo":122,"minecraft:diamond_chestplate":1,"minecraft:basalt":12,"minecraft:golden_carrot":6,"minecraft:white_stained_glass_pane":4,"minecraft:podzol":30,"minecraft:netherite_pickaxe":4578,"minecraft:horn_coral_block":1,"minecraft:cooked_beef":90,"minecraft:cherry_fence":2,"minecraft:cobbled_deepslate":375,"minecraft:cherry_log":1,"minecraft:observer":13,"minecraft:iron_leggings":1,"minecraft:crimson_stem":19,"minecraft:brain_coral_block":2,"minecraft:wheat_seeds":95,"minecraft:cooked_mutton":3,"minecraft:water_bucket":191,"minecraft:tube_coral_block":1,"minecraft:polished_andesite":1,"minecraft:lime_wool":53,"minecraft:black_shulker_box":8,"minecraft:cauldron":10,"minecraft:beacon":2,"minecraft:fletching_table":12,"minecraft:stonecutter":5,"minecraft:deepslate_bricks":3,"minecraft:polished_blackstone_bricks":16,"minecraft:stripped_dark_oak_log":1,"minecraft:rail":21,"minecraft:comparator":7,"minecraft:crafting_table":11,"minecraft:oak_slab":5,"minecraft:dead_fire_coral_block":1,"minecraft:white_bed":25,"minecraft:dark_oak_fence_gate":1,"minecraft:lime_shulker_box":1,"minecraft:spruce_log":4,"minecraft:diamond_pickaxe":4627,"minecraft:diamond_shovel":77,"minecraft:iron_pickaxe":287,"minecraft:netherite_axe":1367,"minecraft:spruce_sapling":28,"minecraft:stone_axe":50,"minecraft:fire_coral_block":1,"minecraft:cobblestone":146,"minecraft:end_crystal":5,"minecraft:crimson_stairs":3,"minecraft:bucket":46,"minecraft:yellow_bed":14,"minecraft:sea_pickle":1},"minecraft:mined":{"minecraft:black_shulker_box":8,"minecraft:dragon_wall_head":2,"minecraft:spruce_planks":6,"minecraft:red_shulker_box":3,"minecraft:white_bed":10,"minecraft:cherry_log":297,"minecraft:brewing_stand":7,"minecraft:obsidian":19,"minecraft:granite":11,"minecraft:chiseled_polished_blackstone":4,"minecraft:grass_block":3235,"minecraft:cracked_polished_blackstone_bricks":16,"minecraft:composter":7,"minecraft:hopper":25,"minecraft:oxeye_daisy":1,"minecraft:weeping_vines_plant":8,"minecraft:polished_blackstone_bricks":17,"minecraft:tall_seagrass":6,"minecraft:magma_block":13,"minecraft:iron_ore":31,"minecraft:cobbled_deepslate":15,"minecraft:fire":24,"minecraft:deepslate_lapis_ore":13,"minecraft:fletching_table":9,"minecraft:water_cauldron":4,"minecraft:iron_block":3,"minecraft:deepslate_redstone_ore":27,"minecraft:blackstone":80,"minecraft:crimson_nylium":1,"minecraft:clay":4,"minecraft:torch":3,"minecraft:blast_furnace":4,"minecraft:melon":2,"minecraft:beacon":1,"minecraft:chest":12,"minecraft:nether_quartz_ore":42,"minecraft:cobblestone":26,"minecraft:lime_shulker_box":1,"minecraft:grindstone":1,"minecraft:oak_planks":32,"minecraft:crimson_stairs":3,"minecraft:cauldron":10,"minecraft:seagrass":2,"minecraft:warped_nylium":11,"minecraft:nether_wart_block":1,"minecraft:wheat":65,"minecraft:tnt":4,"minecraft:oak_log":4,"minecraft:sand":7,"minecraft:dirt":2194,"minecraft:blue_shulker_box":5,"minecraft:stonecutter":4,"minecraft:ancient_debris":19,"minecraft:netherrack":3318,"minecraft:oak_leaves":7,"minecraft:deepslate":915,"minecraft:nether_gold_ore":4,"minecraft:tuff":303,"minecraft:deepslate_diamond_ore":84,"minecraft:cherry_sapling":2,"minecraft:end_stone":15,"minecraft:shulker_box":3,"minecraft:nether_bricks":8,"minecraft:decorated_pot":1,"minecraft:crimson_roots":12,"minecraft:weeping_vines":1,"minecraft:lime_wool":7,"minecraft:spruce_leaves":13,"minecraft:crimson_stem":636,"minecraft:redstone_ore":8,"minecraft:oak_trapdoor":7,"minecraft:furnace":2,"minecraft:nether_sprouts":2,"minecraft:light_gray_shulker_box":3,"minecraft:andesite":318,"minecraft:gold_block":10,"minecraft:bell":1,"minecraft:bookshelf":16,"minecraft:potatoes":80,"minecraft:deepslate_iron_ore":34,"minecraft:packed_ice":2,"minecraft:bamboo_sapling":4,"minecraft:bamboo":32,"minecraft:waxed_weathered_copper_bulb":1,"minecraft:stone":3979,"minecraft:podzol":34,"minecraft:smithing_table":8,"minecraft:oak_slab":1,"minecraft:scaffolding":10,"minecraft:basalt":41,"minecraft:dandelion":4,"minecraft:crafting_table":11,"minecraft:tuff_slab":31,"minecraft:short_grass":480,"minecraft:warped_roots":1,"minecraft:lectern":201,"minecraft:copper_ore":10,"minecraft:tall_grass":14,"minecraft:deepslate_gold_ore":5,"minecraft:diorite":33,"minecraft:spruce_log":545,"minecraft:yellow_bed":6,"minecraft:coal_ore":56,"minecraft:end_rod":21,"minecraft:cherry_leaves":28,"minecraft:gravel":77,"minecraft:purple_shulker_box":3,"minecraft:polished_andesite":1,"minecraft:fern":1}},"DataVersion":3953}