{"stats":{"minecraft:dropped":{"minecraft:porkchop":6,"minecraft:ominous_bottle":5,"minecraft:cooked_beef":73,"minecraft:diamond":8,"minecraft:cooked_porkchop":4,"minecraft:crossbow":27,"minecraft:weeping_vines":13,"minecraft:warped_roots":3,"minecraft:leather_helmet":1,"minecraft:emerald":296,"minecraft:dirt":2963,"minecraft:bone_meal":123,"minecraft:phantom_membrane":2,"minecraft:sand":170,"minecraft:bone":60,"minecraft:tuff_slab":67,"minecraft:stone_axe":26,"minecraft:sugar_cane":8,"minecraft:ancient_debris":1,"minecraft:iron_nugget":3,"minecraft:cobbled_deepslate":33,"minecraft:netherite_sword":1,"minecraft:wheat":1,"minecraft:rotten_flesh":37,"minecraft:oak_planks":15,"minecraft:netherite_shovel":1,"minecraft:end_stone":6,"minecraft:jungle_trapdoor":64,"minecraft:tipped_arrow":4,"minecraft:coal_ore":42,"minecraft:jungle_stairs":128,"minecraft:acacia_fence":1,"minecraft:lectern":1,"minecraft:egg":1,"minecraft:enchanted_book":1,"minecraft:iron_ingot":1,"minecraft:netherite_pickaxe":2,"minecraft:wheat_seeds":129,"minecraft:tnt":2,"minecraft:netherite_chestplate":1,"minecraft:iron_helmet":15,"minecraft:cobblestone":476,"minecraft:granite":2,"minecraft:chainmail_helmet":24,"minecraft:end_rod":19,"minecraft:oxeye_daisy":1,"minecraft:ink_sac":2,"minecraft:waxed_weathered_copper_bulb":2,"minecraft:diamond_helmet":1,"minecraft:white_banner":9,"minecraft:smooth_stone":27,"minecraft:chainmail_leggings":11,"minecraft:iron_shovel":1,"minecraft:string":79,"minecraft:spruce_sapling":1,"minecraft:netherite_hoe":1,"minecraft:netherite_ingot":7,"minecraft:smooth_stone_slab":2,"minecraft:diamond_hoe":8,"minecraft:stone_shovel":62,"minecraft:clay_ball":32,"minecraft:iron_boots":25,"minecraft:diamond_sword":1,"minecraft:stone":555,"minecraft:spruce_planks":17,"minecraft:diamond_pickaxe":3,"minecraft:fire_coral_block":1,"minecraft:spider_eye":9,"minecraft:stone_bricks":1,"minecraft:bamboo":88,"minecraft:bow":8,"minecraft:magma_block":5,"minecraft:spruce_sign":64,"minecraft:oak_log":64,"minecraft:leather":3,"minecraft:flint":1,"minecraft:spruce_leaves":1,"minecraft:cornflower":1,"minecraft:mutton":2,"minecraft:crimson_roots":11,"minecraft:armor_stand":18,"minecraft:gravel":3,"minecraft:blackstone":4,"minecraft:cherry_sapling":45,"minecraft:chainmail_chestplate":12,"minecraft:gunpowder":33,"minecraft:ochre_froglight":1,"minecraft:chest":1,"minecraft:basalt":21,"minecraft:arrow":10,"minecraft:scaffolding":26,"minecraft:quartz":65,"minecraft:netherrack":400,"minecraft:water_bucket":2,"minecraft:golden_helmet":1,"minecraft:cherry_log":1,"minecraft:diamond_leggings":1,"minecraft:grass_block":1,"minecraft:stick":75,"minecraft:torch":6,"minecraft:repeater":1,"minecraft:nether_wart_block":1,"minecraft:iron_leggings":22,"minecraft:iron_axe":2,"minecraft:flow_banner_pattern":1,"minecraft:pink_petals":4,"minecraft:dandelion":17,"minecraft:redstone":226,"minecraft:oak_trapdoor":1,"minecraft:tuff":433,"minecraft:tuff_wall":1,"minecraft:composter":3,"minecraft:villager_spawn_egg":1,"minecraft:comparator":2,"minecraft:deepslate_bricks":66,"minecraft:filled_map":1,"minecraft:shield":12,"minecraft:diamond_chestplate":1,"minecraft:iron_chestplate":13,"minecraft:andesite":291,"minecraft:oak_boat":1,"minecraft:golden_sword":1,"minecraft:diamond_boots":1,"minecraft:purple_shulker_box":3,"minecraft:wooden_pickaxe":1,"minecraft:white_stained_glass":151,"minecraft:brick":45},"minecraft:killed_by":{"minecraft:vindicator":1,"minecraft:zombie":8,"minecraft:stray":3,"minecraft:player":3,"minecraft:skeleton":1,"minecraft:phantom":1},"minecraft:used":{"minecraft:nether_brick_fence":3,"minecraft:dispenser":11,"minecraft:chest":188,"minecraft:stone":388,"minecraft:rotten_flesh":1,"minecraft:soul_sand":6,"minecraft:honey_block":3,"minecraft:lava_bucket":38,"minecraft:netherite_shovel":14652,"minecraft:villager_spawn_egg":44,"minecraft:grass_block":6,"minecraft:bow":37,"minecraft:ominous_bottle":96,"minecraft:oak_sapling":4,"minecraft:furnace":3,"minecraft:acacia_fence":2,"minecraft:potato":92,"minecraft:diorite":2,"minecraft:spruce_door":1,"minecraft:powered_rail":31,"minecraft:blackstone":23,"minecraft:wooden_pickaxe":14,"minecraft:composter":58,"minecraft:oak_leaves":89,"minecraft:dark_oak_trapdoor":1,"minecraft:sand":15,"minecraft:blast_furnace":7,"minecraft:birch_fence":1,"minecraft:stone_button":80,"minecraft:lectern":205,"minecraft:diamond_sword":69,"minecraft:smithing_table":11,"minecraft:dark_oak_fence":3,"minecraft:bubble_coral_block":1,"minecraft:white_stained_glass":1273,"minecraft:oak_boat":1,"minecraft:diorite_slab":1,"minecraft:oak_trapdoor":414,"minecraft:polished_blackstone_brick_slab":1,"minecraft:armor_stand":18,"minecraft:mangrove_fence":1,"minecraft:trial_key":2,"minecraft:netherrack":99,"minecraft:torch":682,"minecraft:light_gray_shulker_box":8,"minecraft:dragon_egg":1,"minecraft:brewing_stand":7,"minecraft:target":14,"minecraft:anvil":8,"minecraft:stone_stairs":23,"minecraft:oak_fence_gate":7,"minecraft:red_shulker_box":4,"minecraft:sea_lantern":1,"minecraft:bamboo_fence":3,"minecraft:iron_block":664,"minecraft:iron_axe":532,"minecraft:slime_block":50,"minecraft:warped_fence":2,"minecraft:tuff_wall":114,"minecraft:bamboo":122,"minecraft:diamond_chestplate":1,"minecraft:basalt":12,"minecraft:glowstone":2,"minecraft:iron_trapdoor":6,"minecraft:podzol":30,"minecraft:cherry_log":1,"minecraft:cobbled_deepslate":375,"minecraft:cherry_fence":2,"minecraft:observer":73,"minecraft:crimson_stem":19,"minecraft:wheat_seeds":101,"minecraft:water_bucket":403,"minecraft:tube_coral_block":1,"minecraft:yellow_shulker_box":5,"minecraft:lime_wool":76,"minecraft:cauldron":19,"minecraft:fletching_table":12,"minecraft:deepslate_bricks":3,"minecraft:polished_blackstone_bricks":16,"minecraft:rail":31,"minecraft:comparator":20,"minecraft:oak_slab":5,"minecraft:crafting_table":11,"minecraft:white_bed":25,"minecraft:dark_oak_fence_gate":1,"minecraft:lime_shulker_box":6,"minecraft:spruce_log":4,"minecraft:oak_log":13,"minecraft:mud":18,"minecraft:diamond_pickaxe":4627,"minecraft:diamond_shovel":77,"minecraft:iron_pickaxe":287,"minecraft:spruce_sapling":28,"minecraft:cobblestone":154,"minecraft:crimson_stairs":3,"minecraft:tuff_slab":1763,"minecraft:cherry_sapling":76,"minecraft:iron_shovel":252,"minecraft:diamond_hoe":26,"minecraft:oak_sign":38,"minecraft:shield":58,"minecraft:purple_shulker_box":3,"minecraft:bell":1,"minecraft:iron_chestplate":1,"minecraft:spruce_leaves":69,"minecraft:mutton":4,"minecraft:nether_bricks":8,"minecraft:tuff":1560,"minecraft:obsidian":18,"minecraft:big_dripleaf":3,"minecraft:glass":224,"minecraft:iron_helmet":1,"minecraft:hopper_minecart":2,"minecraft:repeater":46,"minecraft:redstone_lamp":1,"minecraft:magma_block":2,"minecraft:scaffolding":271,"minecraft:blue_shulker_box":6,"minecraft:dark_oak_stairs":1,"minecraft:stone_pickaxe":131,"minecraft:jungle_fence":2,"minecraft:oak_planks":159,"minecraft:polished_diorite_slab":1,"minecraft:ender_pearl":1,"minecraft:redstone_block":9,"minecraft:sugar_cane":35,"minecraft:white_wool":1,"minecraft:loom":1,"minecraft:crossbow":4,"minecraft:note_block":4,"minecraft:lingering_potion":1,"minecraft:end_stone":8,"minecraft:creeper_spawn_egg":1,"minecraft:redstone_torch":10,"minecraft:sticky_piston":75,"minecraft:lever":10,"minecraft:firework_rocket":272,"minecraft:dark_oak_log":2,"minecraft:melon_slice":12,"minecraft:string":5,"minecraft:gravel":65,"minecraft:evoker_spawn_egg":2,"minecraft:grindstone":3,"minecraft:andesite":8,"minecraft:smooth_stone_slab":169,"minecraft:bone_meal":84,"minecraft:oak_fence":3,"minecraft:netherite_sword":2477,"minecraft:crimson_fence":2,"minecraft:flint_and_steel":7,"minecraft:redstone":147,"minecraft:spruce_planks":6,"minecraft:dirt":5063,"minecraft:hopper":152,"minecraft:shulker_box":3,"minecraft:spruce_fence":3,"minecraft:granite":9,"minecraft:bookshelf":16,"minecraft:iron_boots":1,"minecraft:golden_carrot":6,"minecraft:white_stained_glass_pane":4,"minecraft:netherite_pickaxe":6005,"minecraft:minecart":3,"minecraft:horn_coral_block":1,"minecraft:stone_pressure_plate":10,"minecraft:cooked_beef":120,"minecraft:iron_leggings":1,"minecraft:brain_coral_block":2,"minecraft:cooked_mutton":3,"minecraft:polished_andesite":1,"minecraft:black_shulker_box":23,"minecraft:beacon":5,"minecraft:stonecutter":5,"minecraft:vindicator_spawn_egg":59,"minecraft:stripped_dark_oak_log":1,"minecraft:dead_fire_coral_block":1,"minecraft:piston":15,"minecraft:netherite_axe":1477,"minecraft:stone_axe":50,"minecraft:fire_coral_block":1,"minecraft:end_crystal":5,"minecraft:white_banner":1,"minecraft:bucket":47,"minecraft:yellow_bed":14,"minecraft:sea_pickle":1,"minecraft:smooth_stone":325,"minecraft:pillager_spawn_egg":64},"minecraft:killed":{"minecraft:shulker":11,"minecraft:skeleton":590,"minecraft:magma_cube":4,"minecraft:ender_dragon":1,"minecraft:pillager":6,"minecraft:zombie":538,"minecraft:vindicator":8,"minecraft:breeze":2,"minecraft:enderman":2,"minecraft:witch":5,"minecraft:spider":12,"minecraft:piglin_brute":3,"minecraft:piglin":17,"minecraft:pig":5,"minecraft:zombie_villager":4,"minecraft:creeper":571,"minecraft:sheep":4,"minecraft:stray":13,"minecraft:ghast":1,"minecraft:phantom":1,"minecraft:drowned":3,"minecraft:hoglin":4,"minecraft:villager":20},"minecraft:crafted":{"minecraft:chainmail_helmet":24,"minecraft:diamond_shovel":1,"minecraft:bookshelf":47,"minecraft:shulker_box":5,"minecraft:glass":96,"minecraft:diamond_helmet":1,"minecraft:diamond_leggings":2,"minecraft:netherite_boots":5,"minecraft:emerald":174,"minecraft:diamond_axe":1,"minecraft:lime_shulker_box":1,"minecraft:compass":36,"minecraft:iron_pickaxe":2,"minecraft:netherite_ingot":16,"minecraft:stone_shovel":62,"minecraft:diamond_hoe":9,"minecraft:bone_meal":186,"minecraft:blue_shulker_box":1,"minecraft:lantern":12,"minecraft:netherite_axe":1,"minecraft:light_gray_shulker_box":1,"minecraft:red_shulker_box":1,"minecraft:stone_pickaxe":1,"minecraft:diamond_boots":1,"minecraft:chainmail_leggings":11,"minecraft:crossbow":24,"minecraft:netherite_pickaxe":2,"minecraft:crimson_slab":960,"minecraft:enchanted_book":89,"minecraft:crimson_stairs":792,"minecraft:iron_shovel":1,"minecraft:iron_leggings":22,"minecraft:white_bed":1,"minecraft:oak_planks":16,"minecraft:hopper":62,"minecraft:bow":27,"minecraft:iron_boots":25,"minecraft:chest":132,"minecraft:netherite_helmet":6,"minecraft:netherite_upgrade_smithing_template":6,"minecraft:oak_slab":6,"minecraft:arrow":352,"minecraft:crafting_table":2,"minecraft:spruce_planks":1896,"minecraft:iron_helmet":13,"minecraft:wooden_pickaxe":1,"minecraft:chainmail_chestplate":12,"minecraft:black_shulker_box":1,"minecraft:iron_chestplate":13,"minecraft:diamond_pickaxe":1,"minecraft:shield":15,"minecraft:stick":1800,"minecraft:iron_ingot":43,"minecraft:netherite_sword":1,"minecraft:furnace":1,"minecraft:oak_trapdoor":8,"minecraft:netherite_chestplate":6,"minecraft:netherite_leggings":6,"minecraft:netherite_scrap":64,"minecraft:crimson_planks":2408,"minecraft:purple_shulker_box":1,"minecraft:bucket":1,"minecraft:stone_axe":26,"minecraft:air":0,"minecraft:netherite_shovel":1,"minecraft:torch":88,"minecraft:diamond_chestplate":2},"minecraft:custom":{"minecraft:interact_with_crafting_table":67,"minecraft:open_barrel":4,"minecraft:bell_ring":43,"minecraft:leave_game":14,"minecraft:time_since_death":332022,"minecraft:damage_blocked_by_shield":3320,"minecraft:play_time":3157328,"minecraft:deaths":24,"minecraft:jump":15178,"minecraft:enchant_item":41,"minecraft:interact_with_furnace":40,"minecraft:traded_with_villager":673,"minecraft:sleep_in_bed":12,"minecraft:damage_dealt":49930,"minecraft:horse_one_cm":861,"minecraft:inspect_dispenser":27,"minecraft:interact_with_smithing_table":17,"minecraft:interact_with_anvil":28,"minecraft:inspect_hopper":136,"minecraft:sneak_time":186037,"minecraft:interact_with_blast_furnace":30,"minecraft:total_world_time":3157359,"minecraft:tune_noteblock":2,"minecraft:time_since_rest":332048,"minecraft:fly_one_cm":5041473,"minecraft:swim_one_cm":179335,"minecraft:open_chest":855,"minecraft:fall_one_cm":339356,"minecraft:animals_bred":9,"minecraft:open_shulker_box":94,"minecraft:sprint_one_cm":2233569,"minecraft:drop":640,"minecraft:talked_to_villager":531,"minecraft:interact_with_brewingstand":1,"minecraft:walk_on_water_one_cm":105860,"minecraft:interact_with_loom":4,"minecraft:open_enderchest":2,"minecraft:interact_with_beacon":17,"minecraft:player_kills":4,"minecraft:crouch_one_cm":695451,"minecraft:mob_kills":1956,"minecraft:fill_cauldron":9,"minecraft:climb_one_cm":157157,"minecraft:walk_one_cm":2074546,"minecraft:walk_under_water_one_cm":135635,"minecraft:boat_one_cm":25531,"minecraft:raid_trigger":79,"minecraft:interact_with_grindstone":1,"minecraft:damage_taken":14184,"minecraft:aviate_one_cm":7130974},"minecraft:mined":{"minecraft:dragon_wall_head":2,"minecraft:red_shulker_box":3,"minecraft:white_bed":10,"minecraft:cherry_log":297,"minecraft:obsidian":19,"minecraft:granite":11,"minecraft:chiseled_polished_blackstone":4,"minecraft:hopper":28,"minecraft:oxeye_daisy":1,"minecraft:weeping_vines_plant":8,"minecraft:polished_blackstone_bricks":17,"minecraft:tall_seagrass":6,"minecraft:magma_block":13,"minecraft:fire":24,"minecraft:sticky_piston":5,"minecraft:cobbled_deepslate":15,"minecraft:deepslate_lapis_ore":13,"minecraft:fletching_table":9,"minecraft:water_cauldron":4,"minecraft:dirt_path":5,"minecraft:tuff_wall":1,"minecraft:iron_block":169,"minecraft:tripwire":1,"minecraft:piston_head":1,"minecraft:crimson_nylium":1,"minecraft:torch":3,"minecraft:blast_furnace":4,"minecraft:melon":2,"minecraft:lime_shulker_box":6,"minecraft:sugar_cane":2,"minecraft:crimson_stairs":67,"minecraft:mud":6,"minecraft:wheat":67,"minecraft:blue_shulker_box":5,"minecraft:stonecutter":4,"minecraft:deepslate":915,"minecraft:cherry_sapling":2,"minecraft:shulker_box":3,"minecraft:end_stone":15,"minecraft:nether_bricks":8,"minecraft:crimson_roots":12,"minecraft:redstone_wire":2,"minecraft:lime_wool":7,"minecraft:redstone_ore":8,"minecraft:andesite":534,"minecraft:potatoes":81,"minecraft:bamboo_sapling":4,"minecraft:bamboo":32,"minecraft:waxed_weathered_copper_bulb":1,"minecraft:smithing_table":8,"minecraft:oak_slab":1,"minecraft:comparator":1,"minecraft:observer":5,"minecraft:dandelion":4,"minecraft:tuff_slab":31,"minecraft:short_grass":531,"minecraft:warped_roots":1,"minecraft:copper_ore":22,"minecraft:tall_grass":34,"minecraft:deepslate_gold_ore":5,"minecraft:diorite":33,"minecraft:spruce_log":545,"minecraft:gravel":80,"minecraft:fern":1,"minecraft:black_shulker_box":22,"minecraft:spruce_planks":23,"minecraft:brewing_stand":7,"minecraft:grass_block":5327,"minecraft:cracked_polished_blackstone_bricks":16,"minecraft:composter":7,"minecraft:smooth_stone":11,"minecraft:iron_ore":31,"minecraft:target":1,"minecraft:deepslate_redstone_ore":27,"minecraft:blackstone":80,"minecraft:clay":5,"minecraft:beacon":2,"minecraft:chest":12,"minecraft:nether_quartz_ore":42,"minecraft:cobblestone":27,"minecraft:slime_block":8,"minecraft:grindstone":1,"minecraft:oak_planks":59,"minecraft:cauldron":10,"minecraft:seagrass":3,"minecraft:warped_nylium":11,"minecraft:nether_wart_block":1,"minecraft:tnt":6,"minecraft:smooth_stone_slab":7,"minecraft:oak_log":5,"minecraft:sand":253,"minecraft:dirt":9325,"minecraft:ancient_debris":19,"minecraft:netherrack":3318,"minecraft:oak_leaves":7,"minecraft:nether_gold_ore":4,"minecraft:tuff":303,"minecraft:deepslate_diamond_ore":84,"minecraft:decorated_pot":1,"minecraft:weeping_vines":1,"minecraft:white_stained_glass":10,"minecraft:spruce_leaves":13,"minecraft:sandstone":3,"minecraft:crimson_stem":636,"minecraft:oak_trapdoor":25,"minecraft:furnace":2,"minecraft:nether_sprouts":2,"minecraft:light_gray_shulker_box":8,"minecraft:gold_block":10,"minecraft:bell":1,"minecraft:bookshelf":16,"minecraft:deepslate_iron_ore":34,"minecraft:packed_ice":2,"minecraft:stone":4886,"minecraft:yellow_shulker_box":4,"minecraft:podzol":34,"minecraft:scaffolding":17,"minecraft:basalt":41,"minecraft:crafting_table":11,"minecraft:lectern":201,"minecraft:yellow_bed":6,"minecraft:coal_ore":96,"minecraft:cherry_leaves":28,"minecraft:end_rod":21,"minecraft:purple_shulker_box":3,"minecraft:polished_andesite":1},"minecraft:picked_up":{"minecraft:smithing_table":8,"minecraft:diamond_sword":1,"minecraft:enchanted_book":9,"minecraft:purple_shulker_box":5,"minecraft:brewing_stand":7,"minecraft:golden_sword":1,"minecraft:string":34,"minecraft:gold_nugget":45,"minecraft:cobbled_deepslate":921,"minecraft:spruce_planks":24,"minecraft:trial_key":6,"minecraft:netherite_upgrade_smithing_template":1,"minecraft:melon_slice":12,"minecraft:dark_oak_door":144,"minecraft:golden_helmet":1,"minecraft:composter":7,"minecraft:big_dripleaf":3,"minecraft:cherry_log":297,"minecraft:waxed_weathered_copper_bulb":2,"minecraft:cauldron":14,"minecraft:iron_block":169,"minecraft:end_rod":19,"minecraft:magma_block":7,"minecraft:polished_diorite_slab":64,"minecraft:cooked_beef":54,"minecraft:water_bucket":2,"minecraft:flint":11,"minecraft:stonecutter":4,"minecraft:chiseled_polished_blackstone":4,"minecraft:ink_sac":2,"minecraft:polished_andesite":1,"minecraft:dispenser":10,"minecraft:lever":2,"minecraft:granite":11,"minecraft:bread":2,"minecraft:crimson_roots":11,"minecraft:diamond_pickaxe":3,"minecraft:mud":2,"minecraft:crafting_table":9,"minecraft:ominous_bottle":4,"minecraft:clay_ball":32,"minecraft:dragon_head":2,"minecraft:cornflower":1,"minecraft:elytra":1,"minecraft:flint_and_steel":1,"minecraft:white_stained_glass":155,"minecraft:netherite_sword":1,"minecraft:iron_nugget":2,"minecraft:chest":64,"minecraft:egg":1,"minecraft:lime_shulker_box":6,"minecraft:stone":982,"minecraft:flow_pottery_sherd":1,"minecraft:redstone":237,"minecraft:netherite_pickaxe":1,"minecraft:music_disc_creator_music_box":1,"minecraft:tnt":4,"minecraft:deepslate_bricks":2,"minecraft:gold_ingot":7,"minecraft:mutton":6,"minecraft:white_wool":4,"minecraft:rail":5,"minecraft:oxeye_daisy":1,"minecraft:yellow_shulker_box":4,"minecraft:ochre_froglight":1,"minecraft:oak_log":5,"minecraft:ancient_debris":20,"minecraft:white_banner":9,"minecraft:stone_bricks":3,"minecraft:gravel":46,"minecraft:dead_fire_coral_block":1,"minecraft:crimson_stairs":67,"minecraft:spruce_sapling":38,"minecraft:spruce_log":548,"minecraft:dragon_egg":1,"minecraft:leather_helmet":1,"minecraft:coal_ore":42,"minecraft:stone_axe":2,"minecraft:warped_roots":3,"minecraft:baked_potato":2,"minecraft:stripped_dark_oak_log":256,"minecraft:hopper":26,"minecraft:ender_pearl":2,"minecraft:shulker_shell":9,"minecraft:wheat":67,"minecraft:light_gray_shulker_box":8,"minecraft:potion":1,"minecraft:sticky_piston":5,"minecraft:smooth_stone_slab":4,"minecraft:armor_stand":5,"minecraft:netherite_ingot":1,"minecraft:black_shulker_box":23,"minecraft:smooth_stone":33,"minecraft:comparator":9,"minecraft:redstone_torch":5,"minecraft:furnace":4,"minecraft:tipped_arrow":24,"minecraft:stick":94,"minecraft:acacia_fence":2,"minecraft:torch":37,"minecraft:porkchop":6,"minecraft:target":1,"minecraft:netherite_shovel":1,"minecraft:diorite":33,"minecraft:tuff_wall":1,"minecraft:rotten_flesh":74,"minecraft:obsidian":18,"minecraft:cobblestone":747,"minecraft:pink_petals":4,"minecraft:repeater":33,"minecraft:magma_cream":2,"minecraft:andesite":345,"minecraft:beacon":2,"minecraft:potato":278,"minecraft:tuff":1217,"minecraft:lapis_lazuli":190,"minecraft:dirt":5479,"minecraft:bone":162,"minecraft:bow":7,"minecraft:wheat_seeds":325,"minecraft:raw_gold":8,"minecraft:bell":1,"minecraft:grindstone":1,"minecraft:fletching_table":9,"minecraft:bamboo":267,"minecraft:powered_rail":2,"minecraft:oak_planks":100,"minecraft:cooked_porkchop":15,"minecraft:poisonous_potato":1,"minecraft:sand":175,"minecraft:grass_block":2,"minecraft:shulker_box":3,"minecraft:diamond":163,"minecraft:slime_block":8,"minecraft:cracked_polished_blackstone_bricks":16,"minecraft:crossbow":4,"minecraft:breeze_rod":2,"minecraft:spruce_sign":2,"minecraft:emerald":88,"minecraft:oak_sapling":4,"minecraft:netherrack":1294,"minecraft:gold_block":10,"minecraft:brick":64,"minecraft:oak_trapdoor":26,"minecraft:iron_axe":3,"minecraft:blackstone":41,"minecraft:oak_boat":2,"minecraft:observer":16,"minecraft:blue_shulker_box":5,"minecraft:lectern":201,"minecraft:sugar_cane":43,"minecraft:phantom_membrane":4,"minecraft:lime_wool":7,"minecraft:raw_iron":87,"minecraft:end_stone":14,"minecraft:polished_blackstone_bricks":16,"minecraft:red_shulker_box":3,"minecraft:weeping_vines":13,"minecraft:arrow":111,"minecraft:nether_bricks":8,"minecraft:basalt":33,"minecraft:golden_carrot":1,"minecraft:crimson_stem":621,"minecraft:leather":3,"minecraft:waxed_copper_block":1,"minecraft:nether_wart_block":1,"minecraft:yellow_bed":6,"minecraft:gunpowder":59,"minecraft:cooked_mutton":3,"minecraft:iron_ingot":5,"minecraft:book":64,"minecraft:scaffolding":408,"minecraft:oak_slab":1,"minecraft:quartz":128,"minecraft:dandelion":17,"minecraft:tuff_slab":1080,"minecraft:blast_furnace":4,"minecraft:white_bed":11,"minecraft:spider_eye":12,"minecraft:iron_helmet":2,"minecraft:cherry_sapling":122,"minecraft:netherite_hoe":1,"minecraft:coal":39},"minecraft:broken":{"minecraft:shield":1,"minecraft:iron_pickaxe":1,"minecraft:iron_shovel":1,"minecraft:stone_pickaxe":1,"minecraft:flint_and_steel":1}},"DataVersion":3953}