{"stats":{"minecraft:broken":{"minecraft:iron_shovel":1,"minecraft:stone_pickaxe":1,"minecraft:flint_and_steel":1,"minecraft:shield":1,"minecraft:iron_pickaxe":1},"minecraft:mined":{"minecraft:black_shulker_box":21,"minecraft:dragon_wall_head":2,"minecraft:spruce_planks":23,"minecraft:red_shulker_box":3,"minecraft:white_bed":10,"minecraft:cherry_log":297,"minecraft:brewing_stand":7,"minecraft:obsidian":19,"minecraft:granite":11,"minecraft:chiseled_polished_blackstone":4,"minecraft:grass_block":5327,"minecraft:cracked_polished_blackstone_bricks":16,"minecraft:composter":7,"minecraft:hopper":28,"minecraft:oxeye_daisy":1,"minecraft:smooth_stone":5,"minecraft:weeping_vines_plant":8,"minecraft:polished_blackstone_bricks":17,"minecraft:tall_seagrass":6,"minecraft:magma_block":13,"minecraft:sticky_piston":5,"minecraft:iron_ore":31,"minecraft:fire":24,"minecraft:cobbled_deepslate":15,"minecraft:target":1,"minecraft:deepslate_lapis_ore":13,"minecraft:fletching_table":9,"minecraft:dirt_path":5,"minecraft:water_cauldron":4,"minecraft:iron_block":169,"minecraft:tripwire":1,"minecraft:deepslate_redstone_ore":27,"minecraft:blackstone":80,"minecraft:crimson_nylium":1,"minecraft:clay":5,"minecraft:torch":3,"minecraft:blast_furnace":4,"minecraft:melon":2,"minecraft:beacon":2,"minecraft:chest":12,"minecraft:nether_quartz_ore":42,"minecraft:cobblestone":27,"minecraft:slime_block":8,"minecraft:sugar_cane":2,"minecraft:lime_shulker_box":5,"minecraft:grindstone":1,"minecraft:oak_planks":59,"minecraft:crimson_stairs":67,"minecraft:cauldron":10,"minecraft:seagrass":3,"minecraft:warped_nylium":11,"minecraft:mud":6,"minecraft:nether_wart_block":1,"minecraft:wheat":67,"minecraft:tnt":6,"minecraft:oak_log":5,"minecraft:sand":253,"minecraft:dirt":9294,"minecraft:blue_shulker_box":5,"minecraft:stonecutter":4,"minecraft:ancient_debris":19,"minecraft:netherrack":3318,"minecraft:oak_leaves":7,"minecraft:deepslate":915,"minecraft:nether_gold_ore":4,"minecraft:tuff":303,"minecraft:deepslate_diamond_ore":84,"minecraft:cherry_sapling":2,"minecraft:end_stone":15,"minecraft:shulker_box":3,"minecraft:nether_bricks":8,"minecraft:decorated_pot":1,"minecraft:crimson_roots":12,"minecraft:weeping_vines":1,"minecraft:white_stained_glass":8,"minecraft:lime_wool":7,"minecraft:spruce_leaves":13,"minecraft:sandstone":3,"minecraft:crimson_stem":636,"minecraft:redstone_ore":8,"minecraft:oak_trapdoor":11,"minecraft:furnace":2,"minecraft:nether_sprouts":2,"minecraft:light_gray_shulker_box":5,"minecraft:andesite":534,"minecraft:gold_block":10,"minecraft:bell":1,"minecraft:bookshelf":16,"minecraft:potatoes":81,"minecraft:deepslate_iron_ore":34,"minecraft:packed_ice":2,"minecraft:bamboo_sapling":4,"minecraft:bamboo":32,"minecraft:waxed_weathered_copper_bulb":1,"minecraft:stone":4886,"minecraft:podzol":34,"minecraft:smithing_table":8,"minecraft:oak_slab":1,"minecraft:scaffolding":13,"minecraft:comparator":1,"minecraft:observer":1,"minecraft:basalt":41,"minecraft:dandelion":4,"minecraft:crafting_table":11,"minecraft:tuff_slab":31,"minecraft:short_grass":531,"minecraft:warped_roots":1,"minecraft:lectern":201,"minecraft:copper_ore":22,"minecraft:tall_grass":34,"minecraft:deepslate_gold_ore":5,"minecraft:diorite":33,"minecraft:spruce_log":545,"minecraft:yellow_bed":6,"minecraft:coal_ore":96,"minecraft:end_rod":21,"minecraft:cherry_leaves":28,"minecraft:gravel":80,"minecraft:purple_shulker_box":3,"minecraft:polished_andesite":1,"minecraft:fern":1},"minecraft:crafted":{"minecraft:oak_planks":16,"minecraft:chainmail_helmet":24,"minecraft:diamond_shovel":1,"minecraft:bookshelf":47,"minecraft:shulker_box":5,"minecraft:glass":96,"minecraft:hopper":62,"minecraft:diamond_helmet":1,"minecraft:bow":27,"minecraft:diamond_leggings":2,"minecraft:iron_boots":25,"minecraft:netherite_boots":5,"minecraft:chest":132,"minecraft:netherite_helmet":6,"minecraft:netherite_upgrade_smithing_template":6,"minecraft:oak_slab":6,"minecraft:emerald":174,"minecraft:arrow":352,"minecraft:diamond_axe":1,"minecraft:crafting_table":2,"minecraft:spruce_planks":1896,"minecraft:wooden_pickaxe":1,"minecraft:iron_helmet":13,"minecraft:chainmail_chestplate":12,"minecraft:black_shulker_box":1,"minecraft:lime_shulker_box":1,"minecraft:iron_chestplate":13,"minecraft:diamond_pickaxe":1,"minecraft:shield":15,"minecraft:stick":1800,"minecraft:compass":36,"minecraft:iron_pickaxe":2,"minecraft:iron_ingot":43,"minecraft:netherite_ingot":16,"minecraft:stone_shovel":62,"minecraft:netherite_sword":1,"minecraft:diamond_hoe":9,"minecraft:furnace":1,"minecraft:bone_meal":186,"minecraft:blue_shulker_box":1,"minecraft:oak_trapdoor":8,"minecraft:netherite_chestplate":6,"minecraft:lantern":12,"minecraft:netherite_axe":1,"minecraft:netherite_leggings":6,"minecraft:light_gray_shulker_box":1,"minecraft:red_shulker_box":1,"minecraft:stone_pickaxe":1,"minecraft:diamond_boots":1,"minecraft:netherite_scrap":64,"minecraft:chainmail_leggings":11,"minecraft:crimson_planks":2408,"minecraft:crossbow":24,"minecraft:netherite_pickaxe":2,"minecraft:purple_shulker_box":1,"minecraft:crimson_slab":960,"minecraft:bucket":1,"minecraft:stone_axe":26,"minecraft:enchanted_book":89,"minecraft:air":0,"minecraft:crimson_stairs":792,"minecraft:netherite_shovel":1,"minecraft:iron_shovel":1,"minecraft:iron_leggings":22,"minecraft:white_bed":1,"minecraft:torch":88,"minecraft:diamond_chestplate":2},"minecraft:killed_by":{"minecraft:vindicator":1,"minecraft:zombie":8,"minecraft:player":3,"minecraft:stray":3,"minecraft:skeleton":1,"minecraft:phantom":1},"minecraft:dropped":{"minecraft:spruce_sign":64,"minecraft:porkchop":6,"minecraft:ominous_bottle":4,"minecraft:cooked_beef":73,"minecraft:oak_log":64,"minecraft:diamond":8,"minecraft:cooked_porkchop":4,"minecraft:crossbow":27,"minecraft:weeping_vines":13,"minecraft:warped_roots":3,"minecraft:leather":3,"minecraft:leather_helmet":1,"minecraft:spruce_leaves":1,"minecraft:flint":1,"minecraft:emerald":287,"minecraft:dirt":2857,"minecraft:cornflower":1,"minecraft:mutton":2,"minecraft:crimson_roots":11,"minecraft:bone_meal":123,"minecraft:phantom_membrane":2,"minecraft:sand":6,"minecraft:bone":60,"minecraft:tuff_slab":67,"minecraft:gravel":3,"minecraft:stone_axe":26,"minecraft:blackstone":4,"minecraft:sugar_cane":3,"minecraft:ancient_debris":1,"minecraft:iron_nugget":3,"minecraft:cobbled_deepslate":33,"minecraft:netherite_sword":1,"minecraft:wheat":1,"minecraft:cherry_sapling":45,"minecraft:rotten_flesh":37,"minecraft:netherite_shovel":1,"minecraft:end_stone":6,"minecraft:jungle_trapdoor":64,"minecraft:chainmail_chestplate":12,"minecraft:tipped_arrow":4,"minecraft:gunpowder":33,"minecraft:coal_ore":42,"minecraft:ochre_froglight":1,"minecraft:jungle_stairs":128,"minecraft:chest":1,"minecraft:basalt":21,"minecraft:arrow":10,"minecraft:scaffolding":3,"minecraft:quartz":65,"minecraft:acacia_fence":1,"minecraft:netherrack":400,"minecraft:lectern":1,"minecraft:egg":1,"minecraft:enchanted_book":1,"minecraft:water_bucket":1,"minecraft:iron_ingot":1,"minecraft:netherite_pickaxe":2,"minecraft:wheat_seeds":126,"minecraft:golden_helmet":1,"minecraft:cherry_log":1,"minecraft:tnt":2,"minecraft:diamond_leggings":1,"minecraft:netherite_chestplate":1,"minecraft:iron_helmet":15,"minecraft:cobblestone":476,"minecraft:granite":2,"minecraft:chainmail_helmet":24,"minecraft:grass_block":1,"minecraft:stick":75,"minecraft:end_rod":19,"minecraft:oxeye_daisy":1,"minecraft:ink_sac":2,"minecraft:waxed_weathered_copper_bulb":2,"minecraft:nether_wart_block":1,"minecraft:diamond_helmet":1,"minecraft:iron_leggings":22,"minecraft:white_banner":7,"minecraft:iron_axe":1,"minecraft:flow_banner_pattern":1,"minecraft:iron_shovel":1,"minecraft:chainmail_leggings":11,"minecraft:string":79,"minecraft:pink_petals":4,"minecraft:spruce_sapling":1,"minecraft:dandelion":17,"minecraft:redstone":221,"minecraft:netherite_hoe":1,"minecraft:oak_trapdoor":1,"minecraft:netherite_ingot":7,"minecraft:tuff":433,"minecraft:diamond_hoe":8,"minecraft:stone_shovel":62,"minecraft:clay_ball":32,"minecraft:iron_boots":25,"minecraft:deepslate_bricks":66,"minecraft:filled_map":1,"minecraft:diamond_sword":1,"minecraft:stone":555,"minecraft:shield":12,"minecraft:diamond_chestplate":1,"minecraft:spruce_planks":17,"minecraft:iron_chestplate":13,"minecraft:diamond_pickaxe":3,"minecraft:andesite":291,"minecraft:oak_boat":1,"minecraft:fire_coral_block":1,"minecraft:golden_sword":1,"minecraft:spider_eye":9,"minecraft:stone_bricks":1,"minecraft:bamboo":70,"minecraft:diamond_boots":1,"minecraft:bow":8,"minecraft:purple_shulker_box":3,"minecraft:wooden_pickaxe":1,"minecraft:magma_block":5,"minecraft:brick":45},"minecraft:used":{"minecraft:tuff_slab":1763,"minecraft:cherry_sapling":76,"minecraft:nether_brick_fence":3,"minecraft:iron_shovel":252,"minecraft:dispenser":11,"minecraft:diamond_hoe":26,"minecraft:oak_sign":28,"minecraft:shield":58,"minecraft:chest":146,"minecraft:purple_shulker_box":3,"minecraft:stone":388,"minecraft:bell":1,"minecraft:rotten_flesh":1,"minecraft:spruce_leaves":69,"minecraft:iron_chestplate":1,"minecraft:mutton":4,"minecraft:nether_bricks":8,"minecraft:tuff":1560,"minecraft:obsidian":18,"minecraft:big_dripleaf":3,"minecraft:glass":224,"minecraft:honey_block":3,"minecraft:lava_bucket":31,"minecraft:netherite_shovel":14652,"minecraft:villager_spawn_egg":30,"minecraft:grass_block":6,"minecraft:iron_helmet":1,"minecraft:hopper_minecart":2,"minecraft:repeater":39,"minecraft:magma_block":2,"minecraft:bow":37,"minecraft:scaffolding":240,"minecraft:ominous_bottle":73,"minecraft:oak_sapling":4,"minecraft:blue_shulker_box":6,"minecraft:furnace":3,"minecraft:acacia_fence":2,"minecraft:potato":92,"minecraft:diorite":2,"minecraft:dark_oak_stairs":1,"minecraft:spruce_door":1,"minecraft:oak_planks":159,"minecraft:stone_pickaxe":131,"minecraft:powered_rail":15,"minecraft:jungle_fence":2,"minecraft:polished_diorite_slab":1,"minecraft:blackstone":23,"minecraft:ender_pearl":1,"minecraft:wooden_pickaxe":14,"minecraft:redstone_block":6,"minecraft:composter":22,"minecraft:sugar_cane":35,"minecraft:oak_leaves":72,"minecraft:white_wool":1,"minecraft:dark_oak_trapdoor":1,"minecraft:sand":13,"minecraft:loom":1,"minecraft:blast_furnace":7,"minecraft:crossbow":4,"minecraft:lingering_potion":1,"minecraft:end_stone":8,"minecraft:birch_fence":1,"minecraft:creeper_spawn_egg":1,"minecraft:redstone_torch":10,"minecraft:sticky_piston":39,"minecraft:lever":1,"minecraft:firework_rocket":257,"minecraft:dark_oak_log":2,"minecraft:stone_button":80,"minecraft:melon_slice":12,"minecraft:string":3,"minecraft:lectern":205,"minecraft:gravel":5,"minecraft:evoker_spawn_egg":2,"minecraft:diamond_sword":69,"minecraft:smooth_stone_slab":4,"minecraft:white_stained_glass":620,"minecraft:bubble_coral_block":1,"minecraft:dark_oak_fence":3,"minecraft:grindstone":1,"minecraft:smithing_table":11,"minecraft:andesite":8,"minecraft:oak_boat":1,"minecraft:oak_fence":3,"minecraft:bone_meal":84,"minecraft:diorite_slab":1,"minecraft:oak_trapdoor":133,"minecraft:netherite_sword":2223,"minecraft:polished_blackstone_brick_slab":1,"minecraft:crimson_fence":2,"minecraft:flint_and_steel":7,"minecraft:armor_stand":12,"minecraft:redstone":64,"minecraft:spruce_planks":6,"minecraft:mangrove_fence":1,"minecraft:trial_key":2,"minecraft:netherrack":99,"minecraft:target":8,"minecraft:torch":682,"minecraft:light_gray_shulker_box":5,"minecraft:dragon_egg":1,"minecraft:brewing_stand":7,"minecraft:dirt":4881,"minecraft:anvil":6,"minecraft:hopper":135,"minecraft:shulker_box":3,"minecraft:granite":9,"minecraft:spruce_fence":3,"minecraft:red_shulker_box":4,"minecraft:sea_lantern":1,"minecraft:bamboo_fence":3,"minecraft:bookshelf":16,"minecraft:iron_block":664,"minecraft:iron_axe":532,"minecraft:slime_block":50,"minecraft:warped_fence":2,"minecraft:iron_boots":1,"minecraft:glowstone":2,"minecraft:bamboo":122,"minecraft:diamond_chestplate":1,"minecraft:basalt":12,"minecraft:golden_carrot":6,"minecraft:white_stained_glass_pane":4,"minecraft:podzol":30,"minecraft:netherite_pickaxe":5965,"minecraft:horn_coral_block":1,"minecraft:cooked_beef":120,"minecraft:cherry_fence":2,"minecraft:cobbled_deepslate":375,"minecraft:cherry_log":1,"minecraft:observer":33,"minecraft:iron_leggings":1,"minecraft:crimson_stem":19,"minecraft:brain_coral_block":2,"minecraft:wheat_seeds":101,"minecraft:cooked_mutton":3,"minecraft:water_bucket":381,"minecraft:tube_coral_block":1,"minecraft:polished_andesite":1,"minecraft:lime_wool":76,"minecraft:black_shulker_box":21,"minecraft:cauldron":19,"minecraft:vindicator_spawn_egg":59,"minecraft:beacon":5,"minecraft:fletching_table":12,"minecraft:stonecutter":5,"minecraft:deepslate_bricks":3,"minecraft:polished_blackstone_bricks":16,"minecraft:stripped_dark_oak_log":1,"minecraft:rail":30,"minecraft:comparator":17,"minecraft:crafting_table":11,"minecraft:oak_slab":5,"minecraft:dead_fire_coral_block":1,"minecraft:white_bed":25,"minecraft:dark_oak_fence_gate":1,"minecraft:lime_shulker_box":5,"minecraft:spruce_log":4,"minecraft:oak_log":13,"minecraft:mud":12,"minecraft:piston":1,"minecraft:diamond_pickaxe":4627,"minecraft:diamond_shovel":77,"minecraft:iron_pickaxe":287,"minecraft:netherite_axe":1475,"minecraft:spruce_sapling":28,"minecraft:stone_axe":50,"minecraft:fire_coral_block":1,"minecraft:cobblestone":154,"minecraft:end_crystal":5,"minecraft:crimson_stairs":3,"minecraft:white_banner":1,"minecraft:bucket":47,"minecraft:yellow_bed":14,"minecraft:sea_pickle":1,"minecraft:pillager_spawn_egg":64,"minecraft:smooth_stone":54},"minecraft:custom":{"minecraft:animals_bred":9,"minecraft:interact_with_crafting_table":67,"minecraft:open_barrel":4,"minecraft:open_shulker_box":74,"minecraft:bell_ring":43,"minecraft:leave_game":13,"minecraft:time_since_death":51574,"minecraft:sprint_one_cm":2226421,"minecraft:damage_blocked_by_shield":3320,"minecraft:drop":602,"minecraft:talked_to_villager":531,"minecraft:play_time":2876880,"minecraft:deaths":24,"minecraft:jump":14268,"minecraft:interact_with_brewingstand":1,"minecraft:walk_on_water_one_cm":91592,"minecraft:enchant_item":41,"minecraft:interact_with_furnace":40,"minecraft:traded_with_villager":673,"minecraft:interact_with_loom":4,"minecraft:sleep_in_bed":12,"minecraft:open_enderchest":2,"minecraft:damage_dealt":46390,"minecraft:interact_with_beacon":17,"minecraft:player_kills":4,"minecraft:crouch_one_cm":645191,"minecraft:horse_one_cm":861,"minecraft:inspect_dispenser":27,"minecraft:interact_with_smithing_table":17,"minecraft:interact_with_anvil":28,"minecraft:mob_kills":1938,"minecraft:inspect_hopper":130,"minecraft:fill_cauldron":9,"minecraft:climb_one_cm":156383,"minecraft:walk_one_cm":1991214,"minecraft:sneak_time":156620,"minecraft:walk_under_water_one_cm":113596,"minecraft:boat_one_cm":25531,"minecraft:interact_with_blast_furnace":30,"minecraft:total_world_time":2876880,"minecraft:raid_trigger":60,"minecraft:interact_with_grindstone":1,"minecraft:time_since_rest":51600,"minecraft:damage_taken":13988,"minecraft:swim_one_cm":175942,"minecraft:fly_one_cm":4406669,"minecraft:open_chest":828,"minecraft:aviate_one_cm":6825128,"minecraft:fall_one_cm":330132},"minecraft:killed":{"minecraft:witch":5,"minecraft:spider":12,"minecraft:shulker":11,"minecraft:skeleton":590,"minecraft:piglin_brute":3,"minecraft:magma_cube":4,"minecraft:piglin":17,"minecraft:pig":5,"minecraft:zombie_villager":4,"minecraft:ender_dragon":1,"minecraft:creeper":571,"minecraft:sheep":4,"minecraft:pillager":4,"minecraft:zombie":538,"minecraft:ghast":1,"minecraft:stray":13,"minecraft:vindicator":8,"minecraft:phantom":1,"minecraft:drowned":3,"minecraft:hoglin":4,"minecraft:breeze":2,"minecraft:villager":6,"minecraft:enderman":2},"minecraft:picked_up":{"minecraft:shulker_shell":9,"minecraft:wheat":67,"minecraft:light_gray_shulker_box":5,"minecraft:smithing_table":8,"minecraft:diamond_sword":1,"minecraft:potion":1,"minecraft:enchanted_book":9,"minecraft:purple_shulker_box":5,"minecraft:brewing_stand":7,"minecraft:golden_sword":1,"minecraft:string":34,"minecraft:armor_stand":2,"minecraft:sticky_piston":5,"minecraft:netherite_ingot":1,"minecraft:smooth_stone":4,"minecraft:black_shulker_box":21,"minecraft:gold_nugget":45,"minecraft:cobbled_deepslate":921,"minecraft:comparator":7,"minecraft:spruce_planks":24,"minecraft:trial_key":6,"minecraft:redstone_torch":5,"minecraft:netherite_upgrade_smithing_template":1,"minecraft:melon_slice":12,"minecraft:furnace":4,"minecraft:dark_oak_door":144,"minecraft:tipped_arrow":24,"minecraft:golden_helmet":1,"minecraft:stick":94,"minecraft:acacia_fence":2,"minecraft:composter":7,"minecraft:big_dripleaf":3,"minecraft:torch":37,"minecraft:porkchop":6,"minecraft:target":1,"minecraft:netherite_shovel":1,"minecraft:cherry_log":297,"minecraft:waxed_weathered_copper_bulb":2,"minecraft:diorite":33,"minecraft:cauldron":14,"minecraft:rotten_flesh":74,"minecraft:iron_block":169,"minecraft:end_rod":19,"minecraft:obsidian":18,"minecraft:cobblestone":747,"minecraft:pink_petals":4,"minecraft:magma_block":7,"minecraft:polished_diorite_slab":64,"minecraft:cooked_beef":54,"minecraft:magma_cream":2,"minecraft:repeater":32,"minecraft:water_bucket":1,"minecraft:andesite":345,"minecraft:beacon":2,"minecraft:potato":278,"minecraft:flint":11,"minecraft:tuff":1217,"minecraft:lapis_lazuli":190,"minecraft:dirt":5464,"minecraft:bone":162,"minecraft:bow":7,"minecraft:stonecutter":4,"minecraft:wheat_seeds":325,"minecraft:raw_gold":8,"minecraft:bell":1,"minecraft:grindstone":1,"minecraft:fletching_table":9,"minecraft:bamboo":267,"minecraft:powered_rail":1,"minecraft:oak_planks":100,"minecraft:chiseled_polished_blackstone":4,"minecraft:cooked_porkchop":15,"minecraft:poisonous_potato":1,"minecraft:sand":175,"minecraft:ink_sac":2,"minecraft:grass_block":2,"minecraft:shulker_box":3,"minecraft:polished_andesite":1,"minecraft:dispenser":10,"minecraft:slime_block":8,"minecraft:diamond":163,"minecraft:lever":1,"minecraft:cracked_polished_blackstone_bricks":16,"minecraft:granite":11,"minecraft:crossbow":4,"minecraft:breeze_rod":2,"minecraft:spruce_sign":2,"minecraft:emerald":88,"minecraft:bread":2,"minecraft:mud":2,"minecraft:oak_sapling":4,"minecraft:netherrack":1294,"minecraft:crimson_roots":11,"minecraft:diamond_pickaxe":3,"minecraft:crafting_table":9,"minecraft:ominous_bottle":3,"minecraft:clay_ball":32,"minecraft:gold_block":10,"minecraft:dragon_head":2,"minecraft:brick":64,"minecraft:cornflower":1,"minecraft:oak_trapdoor":12,"minecraft:elytra":1,"minecraft:iron_axe":3,"minecraft:flint_and_steel":1,"minecraft:white_stained_glass":5,"minecraft:blackstone":41,"minecraft:netherite_sword":1,"minecraft:oak_boat":2,"minecraft:observer":12,"minecraft:iron_nugget":2,"minecraft:lectern":201,"minecraft:blue_shulker_box":5,"minecraft:sugar_cane":43,"minecraft:chest":64,"minecraft:phantom_membrane":4,"minecraft:egg":1,"minecraft:lime_shulker_box":5,"minecraft:lime_wool":7,"minecraft:raw_iron":87,"minecraft:end_stone":14,"minecraft:stone":982,"minecraft:polished_blackstone_bricks":16,"minecraft:flow_pottery_sherd":1,"minecraft:redstone":228,"minecraft:netherite_pickaxe":1,"minecraft:music_disc_creator_music_box":1,"minecraft:tnt":4,"minecraft:arrow":111,"minecraft:weeping_vines":13,"minecraft:red_shulker_box":3,"minecraft:nether_bricks":8,"minecraft:deepslate_bricks":2,"minecraft:gold_ingot":7,"minecraft:mutton":6,"minecraft:rail":5,"minecraft:white_wool":4,"minecraft:oxeye_daisy":1,"minecraft:basalt":33,"minecraft:golden_carrot":1,"minecraft:crimson_stem":621,"minecraft:leather":3,"minecraft:ochre_froglight":1,"minecraft:oak_log":5,"minecraft:waxed_copper_block":1,"minecraft:ancient_debris":20,"minecraft:yellow_bed":6,"minecraft:nether_wart_block":1,"minecraft:gunpowder":59,"minecraft:white_banner":7,"minecraft:cooked_mutton":3,"minecraft:stone_bricks":3,"minecraft:iron_ingot":5,"minecraft:book":64,"minecraft:scaffolding":377,"minecraft:oak_slab":1,"minecraft:quartz":128,"minecraft:dandelion":17,"minecraft:gravel":46,"minecraft:crimson_stairs":67,"minecraft:tuff_slab":1080,"minecraft:dead_fire_coral_block":1,"minecraft:spruce_sapling":38,"minecraft:blast_furnace":4,"minecraft:white_bed":11,"minecraft:spruce_log":548,"minecraft:spider_eye":12,"minecraft:dragon_egg":1,"minecraft:leather_helmet":1,"minecraft:coal_ore":42,"minecraft:stone_axe":2,"minecraft:iron_helmet":2,"minecraft:cherry_sapling":122,"minecraft:warped_roots":3,"minecraft:baked_potato":2,"minecraft:netherite_hoe":1,"minecraft:stripped_dark_oak_log":256,"minecraft:coal":39,"minecraft:hopper":26,"minecraft:ender_pearl":2}},"DataVersion":3953}