{"stats":{"minecraft:mined":{"minecraft:deepslate_tiles":193,"minecraft:spruce_planks":3,"minecraft:red_shulker_box":2,"minecraft:cherry_log":211,"minecraft:cherry_sapling":5,"minecraft:stripped_cherry_log":65,"minecraft:mangrove_roots":1,"minecraft:cherry_trapdoor":102,"minecraft:deepslate_tile_wall":1,"minecraft:grass_block":28,"minecraft:stone_brick_wall":9,"minecraft:deepslate_tile_stairs":104,"minecraft:oxeye_daisy":3,"minecraft:smooth_stone":1,"minecraft:cobbled_deepslate":41,"minecraft:andesite":256,"minecraft:azure_bluet":1,"minecraft:cherry_hanging_sign":9,"minecraft:bamboo_sapling":6,"minecraft:bamboo":55,"minecraft:stone":302,"minecraft:cherry_fence_gate":7,"minecraft:cherry_stairs":73,"minecraft:white_wool":3,"minecraft:cherry_planks":52,"minecraft:blackstone":18,"minecraft:deepslate_tile_slab":9,"minecraft:dandelion":4,"minecraft:crafting_table":3,"minecraft:torch":28,"minecraft:short_grass":125,"minecraft:poppy":1,"minecraft:crimson_slab":16,"minecraft:rose_bush":1,"minecraft:tall_grass":18,"minecraft:crimson_stairs":11,"minecraft:pink_petals":16,"minecraft:cherry_fence":35,"minecraft:cherry_wall_hanging_sign":7,"minecraft:cherry_door":11,"minecraft:stone_brick_stairs":22,"minecraft:oak_log":4,"minecraft:coal_ore":5,"minecraft:cherry_button":8,"minecraft:cherry_leaves":34,"minecraft:sand":20,"minecraft:dirt":25,"minecraft:crimson_planks":5,"minecraft:purple_shulker_box":3,"minecraft:blue_shulker_box":2,"minecraft:stonecutter":1,"minecraft:polished_andesite":48,"minecraft:stone_bricks":12,"minecraft:oak_leaves":5,"minecraft:fern":3},"minecraft:crafted":{"minecraft:cherry_planks":1520,"minecraft:smooth_stone":1,"minecraft:oak_planks":16,"minecraft:stone_brick_wall":35,"minecraft:iron_nugget":54,"minecraft:cherry_slab":132,"minecraft:chain":16,"minecraft:stone":156,"minecraft:pink_dye":2,"minecraft:cherry_trapdoor":152,"minecraft:lantern":2,"minecraft:ladder":15,"minecraft:cherry_stairs":224,"minecraft:deepslate_tile_wall":30,"minecraft:cherry_fence":114,"minecraft:cherry_fence_gate":49,"minecraft:diamond_axe":1,"minecraft:crafting_table":1,"minecraft:baked_potato":97,"minecraft:cherry_button":19,"minecraft:deepslate_tiles":6,"minecraft:air":0,"minecraft:oak_boat":2,"minecraft:stone_brick_stairs":5,"minecraft:stick":312,"minecraft:cherry_door":6,"minecraft:stonecutter":1,"minecraft:cherry_hanging_sign":48,"minecraft:shears":1,"minecraft:polished_andesite":4},"minecraft:killed_by":{"minecraft:skeleton":2,"minecraft:zombie":2},"minecraft:dropped":{"minecraft:wheat_seeds":43,"minecraft:baked_potato":1,"minecraft:cobblestone":81,"minecraft:deepslate_tile_wall":1,"minecraft:stick":2,"minecraft:end_rod":19,"minecraft:dirt":443,"minecraft:smooth_stone":1,"minecraft:dandelion":15,"minecraft:moss_carpet":2,"minecraft:rotten_flesh":62,"minecraft:azure_bluet":1,"minecraft:leather_chestplate":1,"minecraft:stone":134,"minecraft:diamond_pickaxe":1,"minecraft:bamboo":1616,"minecraft:arrow":1,"minecraft:stone_brick_stairs":26,"minecraft:cherry_fence":1},"minecraft:used":{"minecraft:cherry_sapling":11,"minecraft:ladder":9,"minecraft:stone":28,"minecraft:purple_shulker_box":4,"minecraft:torch":6,"minecraft:dirt":98,"minecraft:deepslate_tile_slab":172,"minecraft:tuff":2,"minecraft:red_shulker_box":2,"minecraft:lantern":2,"minecraft:cherry_slab":28,"minecraft:crimson_slab":107,"minecraft:cherry_trapdoor":248,"minecraft:cherry_button":24,"minecraft:cherry_leaves":8,"minecraft:cherry_fence_gate":56,"minecraft:crimson_planks":69,"minecraft:stone_brick_stairs":65,"minecraft:stone_bricks":21,"minecraft:bamboo":66,"minecraft:blue_shulker_box":2,"minecraft:deepslate_tile_stairs":120,"minecraft:netherite_pickaxe":1009,"minecraft:cherry_fence":146,"minecraft:cobbled_deepslate":41,"minecraft:cherry_log":867,"minecraft:water_bucket":50,"minecraft:polished_andesite":501,"minecraft:baked_potato":72,"minecraft:blackstone":18,"minecraft:cherry_planks":213,"minecraft:stonecutter":2,"minecraft:diamond_axe":883,"minecraft:white_wool":3,"minecraft:sand":9,"minecraft:crafting_table":4,"minecraft:stone_brick_wall":38,"minecraft:shears":34,"minecraft:deepslate_tile_wall":49,"minecraft:deepslate_tiles":237,"minecraft:diamond_pickaxe":32,"minecraft:oxeye_daisy":1,"minecraft:cherry_hanging_sign":60,"minecraft:cherry_door":16,"minecraft:bread":8,"minecraft:pink_petals":65,"minecraft:diamond_sword":306,"minecraft:cherry_stairs":276,"minecraft:crimson_stairs":99,"minecraft:bucket":50,"minecraft:oak_boat":7,"minecraft:bone_meal":37,"minecraft:smooth_stone":1},"minecraft:custom":{"minecraft:mob_kills":96,"minecraft:interact_with_crafting_table":73,"minecraft:open_shulker_box":90,"minecraft:leave_game":54,"minecraft:time_since_death":677617,"minecraft:climb_one_cm":25083,"minecraft:sprint_one_cm":396972,"minecraft:walk_one_cm":2574054,"minecraft:drop":71,"minecraft:play_time":731887,"minecraft:deaths":4,"minecraft:sneak_time":35772,"minecraft:walk_under_water_one_cm":35087,"minecraft:boat_one_cm":373146,"minecraft:jump":5500,"minecraft:walk_on_water_one_cm":44827,"minecraft:total_world_time":731887,"minecraft:interact_with_furnace":76,"minecraft:interact_with_loom":1,"minecraft:interact_with_grindstone":4,"minecraft:interact_with_stonecutter":61,"minecraft:sleep_in_bed":5,"minecraft:time_since_rest":489039,"minecraft:open_enderchest":1,"minecraft:damage_taken":3809,"minecraft:damage_dealt":8992,"minecraft:swim_one_cm":36547,"minecraft:fly_one_cm":670627,"minecraft:open_chest":354,"minecraft:crouch_one_cm":103095,"minecraft:fall_one_cm":108443,"minecraft:horse_one_cm":423},"minecraft:killed":{"minecraft:spider":1,"minecraft:phantom":26,"minecraft:skeleton":10,"minecraft:chicken":2,"minecraft:pig":2,"minecraft:creeper":1,"minecraft:squid":1,"minecraft:sheep":12,"minecraft:zombie":35,"minecraft:cow":4},"minecraft:picked_up":{"minecraft:crafting_table":3,"minecraft:azure_bluet":1,"minecraft:diamond_sword":1,"minecraft:stone_brick_wall":9,"minecraft:stripped_cherry_log":65,"minecraft:purple_shulker_box":4,"minecraft:stone_brick_stairs":22,"minecraft:crimson_planks":5,"minecraft:moss_carpet":2,"minecraft:string":2,"minecraft:blackstone":17,"minecraft:deepslate_tiles":193,"minecraft:diamond_leggings":1,"minecraft:cobbled_deepslate":41,"minecraft:smooth_stone":1,"minecraft:beef":5,"minecraft:oak_boat":6,"minecraft:deepslate_tile_wall":2,"minecraft:blue_shulker_box":2,"minecraft:cherry_button":8,"minecraft:cherry_trapdoor":101,"minecraft:phantom_membrane":11,"minecraft:stick":10,"minecraft:stone":313,"minecraft:cherry_stairs":70,"minecraft:torch":31,"minecraft:porkchop":8,"minecraft:cherry_log":211,"minecraft:deepslate_tile_stairs":104,"minecraft:netherite_pickaxe":1,"minecraft:cherry_fence_gate":7,"minecraft:red_shulker_box":2,"minecraft:arrow":4,"minecraft:diamond_chestplate":1,"minecraft:rotten_flesh":81,"minecraft:diamond_boots":1,"minecraft:mangrove_roots":1,"minecraft:end_rod":38,"minecraft:mutton":15,"minecraft:crimson_slab":24,"minecraft:white_wool":12,"minecraft:cobblestone":468,"minecraft:oxeye_daisy":3,"minecraft:pink_petals":102,"minecraft:leather_chestplate":1,"minecraft:cherry_planks":60,"minecraft:cherry_leaves":32,"minecraft:andesite":545,"minecraft:salmon":8,"minecraft:oak_log":4,"minecraft:cherry_fence":35,"minecraft:deepslate_tile_slab":7,"minecraft:cherry_door":11,"minecraft:dirt":551,"minecraft:bone":6,"minecraft:stone_bricks":26,"minecraft:stonecutter":1,"minecraft:bow":2,"minecraft:wheat_seeds":43,"minecraft:iron_ingot":31,"minecraft:diamond_helmet":1,"minecraft:bamboo":1522,"minecraft:dandelion":15,"minecraft:crimson_stairs":11,"minecraft:sand":19,"minecraft:ink_sac":2,"minecraft:spider_eye":1,"minecraft:polished_andesite":48,"minecraft:coal_ore":21,"minecraft:cherry_hanging_sign":15,"minecraft:bone_meal":123,"minecraft:cherry_sapling":61,"minecraft:gray_wool":3,"minecraft:baked_potato":1,"minecraft:coal":13,"minecraft:diamond_pickaxe":2}},"DataVersion":3953}