{"stats":{"minecraft:mined":{"minecraft:deepslate_tiles":16,"minecraft:spruce_planks":3,"minecraft:cherry_log":35,"minecraft:stripped_cherry_log":15,"minecraft:mangrove_roots":1,"minecraft:cherry_trapdoor":41,"minecraft:deepslate_tile_wall":1,"minecraft:grass_block":28,"minecraft:stone_brick_wall":7,"minecraft:smooth_stone":1,"minecraft:cobbled_deepslate":41,"minecraft:andesite":256,"minecraft:bamboo_sapling":6,"minecraft:bamboo":55,"minecraft:stone":276,"minecraft:cherry_fence_gate":3,"minecraft:cherry_stairs":24,"minecraft:white_wool":3,"minecraft:cherry_planks":10,"minecraft:blackstone":18,"minecraft:crafting_table":3,"minecraft:torch":26,"minecraft:short_grass":115,"minecraft:rose_bush":1,"minecraft:tall_grass":7,"minecraft:pink_petals":7,"minecraft:cherry_fence":22,"minecraft:cherry_wall_hanging_sign":4,"minecraft:cherry_door":1,"minecraft:stone_brick_stairs":22,"minecraft:oak_log":4,"minecraft:coal_ore":5,"minecraft:sand":20,"minecraft:dirt":24,"minecraft:purple_shulker_box":2,"minecraft:polished_andesite":16,"minecraft:stone_bricks":12,"minecraft:oak_leaves":5,"minecraft:fern":3},"minecraft:crafted":{"minecraft:cherry_planks":428,"minecraft:smooth_stone":1,"minecraft:oak_planks":16,"minecraft:stone_brick_wall":18,"minecraft:iron_nugget":36,"minecraft:chain":16,"minecraft:stone":129,"minecraft:pink_dye":2,"minecraft:cherry_trapdoor":30,"minecraft:cherry_stairs":52,"minecraft:cherry_fence":42,"minecraft:cherry_fence_gate":18,"minecraft:diamond_axe":1,"minecraft:crafting_table":1,"minecraft:baked_potato":64,"minecraft:deepslate_tiles":2,"minecraft:air":0,"minecraft:oak_boat":2,"minecraft:stone_brick_stairs":5,"minecraft:stick":192,"minecraft:cherry_door":3,"minecraft:stonecutter":1,"minecraft:cherry_hanging_sign":6,"minecraft:polished_andesite":4},"minecraft:killed_by":{"minecraft:skeleton":2,"minecraft:zombie":2},"minecraft:dropped":{"minecraft:wheat_seeds":42,"minecraft:baked_potato":1,"minecraft:cobblestone":81,"minecraft:deepslate_tile_wall":1,"minecraft:stick":2,"minecraft:end_rod":19,"minecraft:dirt":384,"minecraft:smooth_stone":1,"minecraft:dandelion":12,"minecraft:moss_carpet":2,"minecraft:rotten_flesh":56,"minecraft:leather_chestplate":1,"minecraft:stone":134,"minecraft:diamond_pickaxe":1,"minecraft:bamboo":1616,"minecraft:arrow":1,"minecraft:stone_brick_stairs":26},"minecraft:used":{"minecraft:stone":28,"minecraft:purple_shulker_box":3,"minecraft:torch":6,"minecraft:dirt":35,"minecraft:tuff":2,"minecraft:cherry_trapdoor":69,"minecraft:cherry_fence_gate":14,"minecraft:stone_brick_stairs":65,"minecraft:stone_bricks":21,"minecraft:bamboo":66,"minecraft:netherite_pickaxe":682,"minecraft:cherry_fence":39,"minecraft:cobbled_deepslate":41,"minecraft:cherry_log":240,"minecraft:polished_andesite":469,"minecraft:baked_potato":41,"minecraft:blackstone":18,"minecraft:cherry_planks":12,"minecraft:diamond_axe":243,"minecraft:stonecutter":1,"minecraft:white_wool":3,"minecraft:sand":9,"minecraft:crafting_table":4,"minecraft:stone_brick_wall":25,"minecraft:deepslate_tile_wall":17,"minecraft:deepslate_tiles":24,"minecraft:diamond_pickaxe":1,"minecraft:cherry_hanging_sign":7,"minecraft:cherry_door":2,"minecraft:diamond_sword":270,"minecraft:cherry_stairs":66,"minecraft:oak_boat":7,"minecraft:smooth_stone":1},"minecraft:custom":{"minecraft:mob_kills":58,"minecraft:interact_with_crafting_table":19,"minecraft:open_shulker_box":40,"minecraft:leave_game":53,"minecraft:time_since_death":367074,"minecraft:climb_one_cm":23107,"minecraft:sprint_one_cm":240358,"minecraft:walk_one_cm":1325833,"minecraft:drop":64,"minecraft:play_time":421344,"minecraft:deaths":4,"minecraft:sneak_time":6636,"minecraft:walk_under_water_one_cm":10775,"minecraft:boat_one_cm":373146,"minecraft:jump":3114,"minecraft:walk_on_water_one_cm":28453,"minecraft:total_world_time":421344,"minecraft:interact_with_furnace":67,"minecraft:interact_with_loom":1,"minecraft:interact_with_grindstone":4,"minecraft:interact_with_stonecutter":53,"minecraft:sleep_in_bed":5,"minecraft:time_since_rest":178496,"minecraft:damage_taken":2426,"minecraft:damage_dealt":5379,"minecraft:swim_one_cm":36547,"minecraft:fly_one_cm":418570,"minecraft:open_chest":241,"minecraft:crouch_one_cm":20511,"minecraft:fall_one_cm":46399,"minecraft:horse_one_cm":423},"minecraft:killed":{"minecraft:spider":1,"minecraft:phantom":1,"minecraft:skeleton":10,"minecraft:chicken":2,"minecraft:pig":2,"minecraft:creeper":1,"minecraft:squid":1,"minecraft:sheep":12,"minecraft:zombie":23,"minecraft:cow":4},"minecraft:picked_up":{"minecraft:crafting_table":3,"minecraft:diamond_sword":1,"minecraft:stone_brick_wall":7,"minecraft:stripped_cherry_log":15,"minecraft:stone_brick_stairs":22,"minecraft:purple_shulker_box":3,"minecraft:string":2,"minecraft:moss_carpet":2,"minecraft:blackstone":17,"minecraft:deepslate_tiles":16,"minecraft:diamond_leggings":1,"minecraft:smooth_stone":1,"minecraft:cobbled_deepslate":41,"minecraft:beef":5,"minecraft:oak_boat":6,"minecraft:deepslate_tile_wall":2,"minecraft:phantom_membrane":1,"minecraft:cherry_trapdoor":41,"minecraft:stick":10,"minecraft:stone":313,"minecraft:cherry_stairs":24,"minecraft:torch":23,"minecraft:porkchop":8,"minecraft:cherry_log":36,"minecraft:netherite_pickaxe":1,"minecraft:cherry_fence_gate":3,"minecraft:arrow":4,"minecraft:diamond_chestplate":1,"minecraft:rotten_flesh":60,"minecraft:diamond_boots":1,"minecraft:mangrove_roots":1,"minecraft:end_rod":38,"minecraft:mutton":15,"minecraft:white_wool":12,"minecraft:cobblestone":443,"minecraft:pink_petals":41,"minecraft:leather_chestplate":1,"minecraft:cherry_planks":10,"minecraft:salmon":8,"minecraft:andesite":545,"minecraft:oak_log":4,"minecraft:cherry_fence":22,"minecraft:cherry_door":1,"minecraft:dirt":491,"minecraft:bone":6,"minecraft:stone_bricks":26,"minecraft:bow":2,"minecraft:wheat_seeds":42,"minecraft:iron_ingot":1,"minecraft:diamond_helmet":1,"minecraft:bamboo":1522,"minecraft:dandelion":12,"minecraft:sand":19,"minecraft:ink_sac":2,"minecraft:spider_eye":1,"minecraft:polished_andesite":16,"minecraft:coal_ore":21,"minecraft:cherry_hanging_sign":4,"minecraft:cherry_sapling":56,"minecraft:bone_meal":123,"minecraft:gray_wool":3,"minecraft:baked_potato":1,"minecraft:coal":13,"minecraft:diamond_pickaxe":2}},"DataVersion":3953}