{"stats":{"minecraft:mined":{"minecraft:deepslate_tiles":24,"minecraft:spruce_planks":3,"minecraft:cherry_log":136,"minecraft:cherry_sapling":5,"minecraft:stripped_cherry_log":15,"minecraft:mangrove_roots":1,"minecraft:cherry_trapdoor":65,"minecraft:deepslate_tile_wall":1,"minecraft:grass_block":28,"minecraft:stone_brick_wall":9,"minecraft:oxeye_daisy":3,"minecraft:smooth_stone":1,"minecraft:cobbled_deepslate":41,"minecraft:andesite":256,"minecraft:azure_bluet":1,"minecraft:bamboo_sapling":6,"minecraft:bamboo":55,"minecraft:stone":276,"minecraft:cherry_fence_gate":5,"minecraft:cherry_stairs":56,"minecraft:white_wool":3,"minecraft:cherry_planks":39,"minecraft:blackstone":18,"minecraft:dandelion":4,"minecraft:crafting_table":3,"minecraft:torch":26,"minecraft:short_grass":125,"minecraft:poppy":1,"minecraft:rose_bush":1,"minecraft:tall_grass":18,"minecraft:pink_petals":16,"minecraft:cherry_fence":33,"minecraft:cherry_wall_hanging_sign":4,"minecraft:cherry_door":1,"minecraft:stone_brick_stairs":22,"minecraft:oak_log":4,"minecraft:coal_ore":5,"minecraft:cherry_leaves":34,"minecraft:sand":20,"minecraft:dirt":24,"minecraft:purple_shulker_box":2,"minecraft:polished_andesite":47,"minecraft:stone_bricks":12,"minecraft:oak_leaves":5,"minecraft:fern":3},"minecraft:crafted":{"minecraft:cherry_planks":904,"minecraft:smooth_stone":1,"minecraft:oak_planks":16,"minecraft:stone_brick_wall":35,"minecraft:iron_nugget":36,"minecraft:chain":16,"minecraft:stone":129,"minecraft:pink_dye":2,"minecraft:cherry_trapdoor":96,"minecraft:cherry_stairs":148,"minecraft:deepslate_tile_wall":30,"minecraft:cherry_fence":108,"minecraft:cherry_fence_gate":49,"minecraft:diamond_axe":1,"minecraft:crafting_table":1,"minecraft:baked_potato":64,"minecraft:deepslate_tiles":2,"minecraft:air":0,"minecraft:oak_boat":2,"minecraft:stone_brick_stairs":5,"minecraft:stick":268,"minecraft:cherry_door":3,"minecraft:stonecutter":1,"minecraft:cherry_hanging_sign":6,"minecraft:shears":1,"minecraft:polished_andesite":4},"minecraft:killed_by":{"minecraft:skeleton":2,"minecraft:zombie":2},"minecraft:dropped":{"minecraft:wheat_seeds":43,"minecraft:baked_potato":1,"minecraft:cobblestone":81,"minecraft:deepslate_tile_wall":1,"minecraft:stick":2,"minecraft:end_rod":19,"minecraft:dirt":443,"minecraft:smooth_stone":1,"minecraft:dandelion":15,"minecraft:moss_carpet":2,"minecraft:rotten_flesh":62,"minecraft:azure_bluet":1,"minecraft:leather_chestplate":1,"minecraft:stone":134,"minecraft:diamond_pickaxe":1,"minecraft:bamboo":1616,"minecraft:arrow":1,"minecraft:stone_brick_stairs":26},"minecraft:used":{"minecraft:cherry_sapling":11,"minecraft:stone":28,"minecraft:purple_shulker_box":3,"minecraft:torch":6,"minecraft:dirt":71,"minecraft:tuff":2,"minecraft:cherry_trapdoor":139,"minecraft:cherry_leaves":6,"minecraft:cherry_fence_gate":49,"minecraft:stone_brick_stairs":65,"minecraft:stone_bricks":21,"minecraft:bamboo":66,"minecraft:netherite_pickaxe":713,"minecraft:cherry_fence":116,"minecraft:cobbled_deepslate":41,"minecraft:cherry_log":528,"minecraft:polished_andesite":500,"minecraft:baked_potato":61,"minecraft:blackstone":18,"minecraft:cherry_planks":47,"minecraft:stonecutter":1,"minecraft:diamond_axe":518,"minecraft:white_wool":3,"minecraft:sand":9,"minecraft:crafting_table":4,"minecraft:stone_brick_wall":38,"minecraft:shears":34,"minecraft:deepslate_tile_wall":49,"minecraft:deepslate_tiles":48,"minecraft:diamond_pickaxe":11,"minecraft:oxeye_daisy":1,"minecraft:cherry_hanging_sign":7,"minecraft:cherry_door":2,"minecraft:pink_petals":65,"minecraft:diamond_sword":292,"minecraft:cherry_stairs":198,"minecraft:oak_boat":7,"minecraft:bone_meal":37,"minecraft:smooth_stone":1},"minecraft:custom":{"minecraft:mob_kills":83,"minecraft:interact_with_crafting_table":45,"minecraft:open_shulker_box":50,"minecraft:leave_game":54,"minecraft:time_since_death":475707,"minecraft:climb_one_cm":23107,"minecraft:sprint_one_cm":334930,"minecraft:walk_one_cm":1889224,"minecraft:drop":70,"minecraft:play_time":529977,"minecraft:deaths":4,"minecraft:sneak_time":10630,"minecraft:walk_under_water_one_cm":10775,"minecraft:boat_one_cm":373146,"minecraft:jump":4241,"minecraft:walk_on_water_one_cm":28453,"minecraft:total_world_time":529977,"minecraft:interact_with_furnace":67,"minecraft:interact_with_loom":1,"minecraft:interact_with_grindstone":4,"minecraft:interact_with_stonecutter":56,"minecraft:sleep_in_bed":5,"minecraft:time_since_rest":287129,"minecraft:open_enderchest":1,"minecraft:damage_taken":3072,"minecraft:damage_dealt":8090,"minecraft:swim_one_cm":36547,"minecraft:fly_one_cm":570991,"minecraft:open_chest":313,"minecraft:crouch_one_cm":32866,"minecraft:fall_one_cm":68498,"minecraft:horse_one_cm":423},"minecraft:killed":{"minecraft:spider":1,"minecraft:phantom":16,"minecraft:skeleton":10,"minecraft:chicken":2,"minecraft:pig":2,"minecraft:creeper":1,"minecraft:squid":1,"minecraft:sheep":12,"minecraft:zombie":32,"minecraft:cow":4},"minecraft:picked_up":{"minecraft:crafting_table":3,"minecraft:azure_bluet":1,"minecraft:diamond_sword":1,"minecraft:stone_brick_wall":9,"minecraft:stripped_cherry_log":15,"minecraft:purple_shulker_box":3,"minecraft:stone_brick_stairs":22,"minecraft:moss_carpet":2,"minecraft:string":2,"minecraft:blackstone":17,"minecraft:deepslate_tiles":24,"minecraft:diamond_leggings":1,"minecraft:cobbled_deepslate":41,"minecraft:smooth_stone":1,"minecraft:beef":5,"minecraft:oak_boat":6,"minecraft:deepslate_tile_wall":2,"minecraft:cherry_trapdoor":65,"minecraft:phantom_membrane":8,"minecraft:stick":10,"minecraft:stone":313,"minecraft:cherry_stairs":55,"minecraft:torch":25,"minecraft:porkchop":8,"minecraft:cherry_log":137,"minecraft:netherite_pickaxe":1,"minecraft:cherry_fence_gate":5,"minecraft:arrow":4,"minecraft:diamond_chestplate":1,"minecraft:rotten_flesh":75,"minecraft:diamond_boots":1,"minecraft:mangrove_roots":1,"minecraft:end_rod":38,"minecraft:mutton":15,"minecraft:white_wool":12,"minecraft:cobblestone":443,"minecraft:oxeye_daisy":3,"minecraft:pink_petals":102,"minecraft:leather_chestplate":1,"minecraft:cherry_planks":47,"minecraft:cherry_leaves":32,"minecraft:andesite":545,"minecraft:salmon":8,"minecraft:oak_log":4,"minecraft:cherry_fence":33,"minecraft:cherry_door":1,"minecraft:dirt":550,"minecraft:bone":6,"minecraft:stone_bricks":26,"minecraft:bow":2,"minecraft:wheat_seeds":43,"minecraft:iron_ingot":31,"minecraft:diamond_helmet":1,"minecraft:bamboo":1522,"minecraft:dandelion":15,"minecraft:sand":19,"minecraft:ink_sac":2,"minecraft:spider_eye":1,"minecraft:polished_andesite":47,"minecraft:coal_ore":21,"minecraft:cherry_hanging_sign":4,"minecraft:bone_meal":123,"minecraft:cherry_sapling":61,"minecraft:gray_wool":3,"minecraft:baked_potato":1,"minecraft:coal":13,"minecraft:diamond_pickaxe":2}},"DataVersion":3953}