{"stats":{"minecraft:mined":{"minecraft:deepslate_tiles":16,"minecraft:spruce_planks":3,"minecraft:cherry_log":24,"minecraft:stripped_cherry_log":3,"minecraft:mangrove_roots":1,"minecraft:cherry_trapdoor":16,"minecraft:deepslate_tile_wall":1,"minecraft:grass_block":28,"minecraft:stone_brick_wall":6,"minecraft:smooth_stone":1,"minecraft:cobbled_deepslate":21,"minecraft:andesite":256,"minecraft:bamboo_sapling":6,"minecraft:bamboo":55,"minecraft:stone":276,"minecraft:cherry_stairs":4,"minecraft:white_wool":3,"minecraft:blackstone":14,"minecraft:crafting_table":3,"minecraft:torch":26,"minecraft:short_grass":115,"minecraft:rose_bush":1,"minecraft:tall_grass":7,"minecraft:pink_petals":7,"minecraft:cherry_fence":4,"minecraft:cherry_door":1,"minecraft:stone_brick_stairs":22,"minecraft:oak_log":4,"minecraft:coal_ore":5,"minecraft:sand":20,"minecraft:dirt":24,"minecraft:purple_shulker_box":1,"minecraft:polished_andesite":16,"minecraft:stone_bricks":12,"minecraft:oak_leaves":5,"minecraft:fern":3},"minecraft:crafted":{"minecraft:cherry_planks":204,"minecraft:smooth_stone":1,"minecraft:oak_planks":16,"minecraft:stone_brick_wall":16,"minecraft:stone":129,"minecraft:pink_dye":2,"minecraft:cherry_trapdoor":20,"minecraft:cherry_stairs":12,"minecraft:cherry_fence":42,"minecraft:diamond_axe":1,"minecraft:crafting_table":1,"minecraft:baked_potato":64,"minecraft:deepslate_tiles":2,"minecraft:air":0,"minecraft:oak_boat":2,"minecraft:stone_brick_stairs":5,"minecraft:stick":128,"minecraft:cherry_door":3,"minecraft:stonecutter":1,"minecraft:polished_andesite":4},"minecraft:killed_by":{"minecraft:skeleton":2,"minecraft:zombie":2},"minecraft:dropped":{"minecraft:wheat_seeds":42,"minecraft:baked_potato":1,"minecraft:cobblestone":81,"minecraft:deepslate_tile_wall":1,"minecraft:stick":2,"minecraft:end_rod":19,"minecraft:dirt":256,"minecraft:smooth_stone":1,"minecraft:dandelion":12,"minecraft:moss_carpet":2,"minecraft:rotten_flesh":43,"minecraft:leather_chestplate":1,"minecraft:stone":134,"minecraft:diamond_pickaxe":1,"minecraft:bamboo":1616,"minecraft:arrow":1,"minecraft:stone_brick_stairs":26},"minecraft:used":{"minecraft:stone":28,"minecraft:purple_shulker_box":2,"minecraft:torch":6,"minecraft:dirt":35,"minecraft:tuff":2,"minecraft:cherry_trapdoor":31,"minecraft:stone_brick_stairs":65,"minecraft:stone_bricks":21,"minecraft:bamboo":66,"minecraft:netherite_pickaxe":656,"minecraft:cherry_fence":24,"minecraft:cobbled_deepslate":41,"minecraft:cherry_log":181,"minecraft:polished_andesite":469,"minecraft:baked_potato":38,"minecraft:blackstone":18,"minecraft:diamond_axe":120,"minecraft:stonecutter":1,"minecraft:white_wool":3,"minecraft:sand":9,"minecraft:crafting_table":4,"minecraft:stone_brick_wall":22,"minecraft:deepslate_tile_wall":17,"minecraft:deepslate_tiles":24,"minecraft:diamond_pickaxe":1,"minecraft:cherry_door":2,"minecraft:diamond_sword":267,"minecraft:cherry_stairs":11,"minecraft:oak_boat":7,"minecraft:smooth_stone":1},"minecraft:custom":{"minecraft:mob_kills":55,"minecraft:interact_with_crafting_table":12,"minecraft:open_shulker_box":37,"minecraft:leave_game":53,"minecraft:time_since_death":337074,"minecraft:climb_one_cm":23107,"minecraft:sprint_one_cm":220625,"minecraft:walk_one_cm":1185502,"minecraft:drop":60,"minecraft:play_time":391344,"minecraft:deaths":4,"minecraft:sneak_time":4252,"minecraft:walk_under_water_one_cm":10775,"minecraft:boat_one_cm":373146,"minecraft:jump":2889,"minecraft:walk_on_water_one_cm":28453,"minecraft:total_world_time":391344,"minecraft:interact_with_furnace":67,"minecraft:interact_with_loom":1,"minecraft:interact_with_grindstone":4,"minecraft:interact_with_stonecutter":52,"minecraft:sleep_in_bed":5,"minecraft:time_since_rest":148496,"minecraft:damage_taken":2347,"minecraft:damage_dealt":5121,"minecraft:swim_one_cm":36547,"minecraft:fly_one_cm":396257,"minecraft:open_chest":232,"minecraft:crouch_one_cm":14175,"minecraft:fall_one_cm":42942,"minecraft:horse_one_cm":423},"minecraft:killed":{"minecraft:spider":1,"minecraft:skeleton":10,"minecraft:chicken":2,"minecraft:pig":2,"minecraft:creeper":1,"minecraft:squid":1,"minecraft:sheep":12,"minecraft:zombie":22,"minecraft:cow":4},"minecraft:picked_up":{"minecraft:crafting_table":3,"minecraft:diamond_sword":1,"minecraft:stone_brick_wall":6,"minecraft:stripped_cherry_log":3,"minecraft:stone_brick_stairs":22,"minecraft:purple_shulker_box":2,"minecraft:string":2,"minecraft:moss_carpet":2,"minecraft:blackstone":13,"minecraft:deepslate_tiles":16,"minecraft:diamond_leggings":1,"minecraft:smooth_stone":1,"minecraft:cobbled_deepslate":21,"minecraft:beef":5,"minecraft:oak_boat":6,"minecraft:deepslate_tile_wall":2,"minecraft:cherry_trapdoor":16,"minecraft:stick":10,"minecraft:stone":313,"minecraft:cherry_stairs":4,"minecraft:torch":23,"minecraft:porkchop":8,"minecraft:cherry_log":25,"minecraft:netherite_pickaxe":1,"minecraft:arrow":4,"minecraft:diamond_chestplate":1,"minecraft:rotten_flesh":53,"minecraft:diamond_boots":1,"minecraft:mangrove_roots":1,"minecraft:end_rod":38,"minecraft:mutton":15,"minecraft:white_wool":12,"minecraft:cobblestone":443,"minecraft:pink_petals":41,"minecraft:leather_chestplate":1,"minecraft:salmon":8,"minecraft:andesite":545,"minecraft:oak_log":4,"minecraft:cherry_fence":4,"minecraft:cherry_door":1,"minecraft:dirt":427,"minecraft:bone":6,"minecraft:stone_bricks":26,"minecraft:bow":2,"minecraft:wheat_seeds":42,"minecraft:iron_ingot":1,"minecraft:diamond_helmet":1,"minecraft:bamboo":1522,"minecraft:dandelion":12,"minecraft:sand":19,"minecraft:ink_sac":2,"minecraft:spider_eye":1,"minecraft:polished_andesite":16,"minecraft:coal_ore":21,"minecraft:cherry_sapling":56,"minecraft:bone_meal":123,"minecraft:gray_wool":3,"minecraft:baked_potato":1,"minecraft:coal":13,"minecraft:diamond_pickaxe":2}},"DataVersion":3953}