{"stats":{"minecraft:mined":{"minecraft:spruce_planks":3,"minecraft:blackstone":14,"minecraft:cherry_log":24,"minecraft:stripped_cherry_log":3,"minecraft:mangrove_roots":1,"minecraft:cherry_trapdoor":16,"minecraft:crafting_table":3,"minecraft:torch":26,"minecraft:short_grass":115,"minecraft:stone_brick_wall":6,"minecraft:grass_block":28,"minecraft:rose_bush":1,"minecraft:tall_grass":7,"minecraft:pink_petals":7,"minecraft:smooth_stone":1,"minecraft:cobbled_deepslate":15,"minecraft:andesite":256,"minecraft:cherry_door":1,"minecraft:stone_brick_stairs":22,"minecraft:coal_ore":5,"minecraft:oak_log":4,"minecraft:cherry_stairs":4,"minecraft:sand":20,"minecraft:dirt":24,"minecraft:purple_shulker_box":1,"minecraft:stone":276,"minecraft:bamboo_sapling":6,"minecraft:bamboo":55,"minecraft:stone_bricks":12,"minecraft:polished_andesite":16,"minecraft:white_wool":3,"minecraft:oak_leaves":5,"minecraft:fern":3},"minecraft:crafted":{"minecraft:cherry_planks":152,"minecraft:oak_planks":16,"minecraft:smooth_stone":1,"minecraft:stone_brick_wall":16,"minecraft:diamond_axe":1,"minecraft:crafting_table":1,"minecraft:baked_potato":64,"minecraft:stone":129,"minecraft:pink_dye":2,"minecraft:air":0,"minecraft:cherry_trapdoor":20,"minecraft:oak_boat":2,"minecraft:stone_brick_stairs":5,"minecraft:stick":16,"minecraft:cherry_stairs":12,"minecraft:cherry_door":3,"minecraft:stonecutter":1,"minecraft:polished_andesite":4},"minecraft:killed_by":{"minecraft:skeleton":2,"minecraft:zombie":2},"minecraft:dropped":{"minecraft:moss_carpet":2,"minecraft:wheat_seeds":42,"minecraft:baked_potato":1,"minecraft:cobblestone":81,"minecraft:rotten_flesh":43,"minecraft:stick":2,"minecraft:end_rod":19,"minecraft:leather_chestplate":1,"minecraft:dirt":256,"minecraft:stone":134,"minecraft:diamond_pickaxe":1,"minecraft:bamboo":1616,"minecraft:arrow":1,"minecraft:smooth_stone":1,"minecraft:stone_brick_stairs":26,"minecraft:dandelion":12},"minecraft:used":{"minecraft:polished_andesite":469,"minecraft:baked_potato":37,"minecraft:blackstone":18,"minecraft:stone":28,"minecraft:purple_shulker_box":2,"minecraft:stonecutter":1,"minecraft:diamond_axe":116,"minecraft:white_wool":3,"minecraft:torch":6,"minecraft:dirt":35,"minecraft:sand":9,"minecraft:crafting_table":4,"minecraft:stone_brick_wall":22,"minecraft:tuff":2,"minecraft:cherry_door":2,"minecraft:cherry_trapdoor":31,"minecraft:stone_brick_stairs":65,"minecraft:stone_bricks":21,"minecraft:bamboo":66,"minecraft:diamond_sword":265,"minecraft:cherry_stairs":11,"minecraft:cherry_log":169,"minecraft:oak_boat":7,"minecraft:netherite_pickaxe":633,"minecraft:cobbled_deepslate":41,"minecraft:smooth_stone":1},"minecraft:custom":{"minecraft:interact_with_furnace":66,"minecraft:mob_kills":54,"minecraft:interact_with_crafting_table":9,"minecraft:open_shulker_box":36,"minecraft:interact_with_loom":1,"minecraft:interact_with_grindstone":4,"minecraft:interact_with_stonecutter":48,"minecraft:leave_game":53,"minecraft:time_since_death":325074,"minecraft:sleep_in_bed":5,"minecraft:climb_one_cm":23107,"minecraft:time_since_rest":136496,"minecraft:sprint_one_cm":218038,"minecraft:damage_taken":2316,"minecraft:walk_one_cm":1142760,"minecraft:drop":59,"minecraft:damage_dealt":4969,"minecraft:swim_one_cm":36547,"minecraft:fly_one_cm":391798,"minecraft:open_chest":224,"minecraft:play_time":379344,"minecraft:crouch_one_cm":14175,"minecraft:sneak_time":4252,"minecraft:deaths":4,"minecraft:walk_under_water_one_cm":10775,"minecraft:boat_one_cm":373146,"minecraft:jump":2811,"minecraft:walk_on_water_one_cm":28453,"minecraft:total_world_time":379344,"minecraft:fall_one_cm":42485,"minecraft:horse_one_cm":423},"minecraft:killed":{"minecraft:pig":2,"minecraft:spider":1,"minecraft:creeper":1,"minecraft:squid":1,"minecraft:sheep":12,"minecraft:skeleton":10,"minecraft:zombie":21,"minecraft:chicken":2,"minecraft:cow":4},"minecraft:picked_up":{"minecraft:pink_petals":41,"minecraft:crafting_table":3,"minecraft:leather_chestplate":1,"minecraft:andesite":545,"minecraft:salmon":8,"minecraft:diamond_sword":1,"minecraft:stone_brick_wall":6,"minecraft:stripped_cherry_log":3,"minecraft:oak_log":4,"minecraft:purple_shulker_box":2,"minecraft:stone_brick_stairs":22,"minecraft:cherry_door":1,"minecraft:string":2,"minecraft:dirt":427,"minecraft:moss_carpet":2,"minecraft:bone":6,"minecraft:blackstone":13,"minecraft:stone_bricks":26,"minecraft:wheat_seeds":42,"minecraft:bow":2,"minecraft:diamond_leggings":1,"minecraft:cobbled_deepslate":15,"minecraft:smooth_stone":1,"minecraft:iron_ingot":1,"minecraft:beef":5,"minecraft:oak_boat":6,"minecraft:diamond_helmet":1,"minecraft:bamboo":1522,"minecraft:cherry_trapdoor":16,"minecraft:cherry_stairs":4,"minecraft:stick":10,"minecraft:stone":313,"minecraft:torch":23,"minecraft:dandelion":12,"minecraft:porkchop":8,"minecraft:sand":19,"minecraft:cherry_log":25,"minecraft:ink_sac":2,"minecraft:netherite_pickaxe":1,"minecraft:spider_eye":1,"minecraft:polished_andesite":16,"minecraft:arrow":4,"minecraft:coal_ore":21,"minecraft:rotten_flesh":52,"minecraft:diamond_chestplate":1,"minecraft:diamond_boots":1,"minecraft:bone_meal":123,"minecraft:cherry_sapling":56,"minecraft:gray_wool":3,"minecraft:end_rod":38,"minecraft:mangrove_roots":1,"minecraft:baked_potato":1,"minecraft:mutton":15,"minecraft:coal":13,"minecraft:white_wool":12,"minecraft:cobblestone":443,"minecraft:diamond_pickaxe":2}},"DataVersion":3953}