{"stats":{"minecraft:custom":{"minecraft:jump":51,"minecraft:time_since_rest":2158,"minecraft:walk_on_water_one_cm":954,"minecraft:sprint_one_cm":4366,"minecraft:play_time":2158,"minecraft:damage_taken":20,"minecraft:time_since_death":2158,"minecraft:walk_one_cm":774,"minecraft:sneak_time":11,"minecraft:total_world_time":2158,"minecraft:walk_under_water_one_cm":501,"minecraft:swim_one_cm":15152,"minecraft:fall_one_cm":1869,"minecraft:fly_one_cm":13664},"minecraft:mined":{"minecraft:short_grass":5}},"DataVersion":3953}