{"stats":{"minecraft:crafted":{"minecraft:diamond_sword":1,"minecraft:diamond_axe":1},"minecraft:picked_up":{"minecraft:wheat":2,"minecraft:potato":12,"minecraft:wheat_seeds":4,"minecraft:spruce_planks":8,"minecraft:phantom_membrane":1},"minecraft:killed":{"minecraft:wandering_trader":1},"minecraft:custom":{"minecraft:time_since_rest":2894,"minecraft:sprint_one_cm":52768,"minecraft:damage_taken":997,"minecraft:walk_one_cm":25579,"minecraft:interact_with_anvil":3,"minecraft:mob_kills":1,"minecraft:damage_dealt":288,"minecraft:swim_one_cm":49709,"minecraft:interact_with_crafting_table":1,"minecraft:fly_one_cm":101638,"minecraft:open_chest":41,"minecraft:crouch_one_cm":3932,"minecraft:play_time":248214,"minecraft:open_shulker_box":5,"minecraft:deaths":4,"minecraft:sneak_time":1055,"minecraft:walk_under_water_one_cm":13400,"minecraft:jump":403,"minecraft:leave_game":2,"minecraft:walk_on_water_one_cm":4846,"minecraft:time_since_death":225,"minecraft:total_world_time":248214,"minecraft:sleep_in_bed":1,"minecraft:climb_one_cm":1250,"minecraft:fall_one_cm":9982},"minecraft:killed_by":{"minecraft:drowned":1,"minecraft:phantom":1,"minecraft:zombie":2},"minecraft:used":{"minecraft:diamond_boots":1,"minecraft:spruce_planks":72,"minecraft:diamond_axe":13,"minecraft:diamond_sword":1,"minecraft:crimson_stairs":64,"minecraft:diamond_helmet":1,"minecraft:cooked_beef":1,"minecraft:potato":4,"minecraft:cherry_log":9,"minecraft:diamond_leggings":1},"minecraft:mined":{"minecraft:spruce_planks":8,"minecraft:wheat":2,"minecraft:short_grass":10,"minecraft:potatoes":2,"minecraft:tall_grass":1}},"DataVersion":3953}