{"stats":{"minecraft:dropped":{"minecraft:diamond_sword":1,"minecraft:stone":64},"minecraft:crafted":{"minecraft:diamond_sword":1,"minecraft:diamond_axe":1},"minecraft:picked_up":{"minecraft:wheat":2,"minecraft:stone":64,"minecraft:torch":1,"minecraft:music_disc_stal":1,"minecraft:diamond_sword":1,"minecraft:potato":17,"minecraft:cherry_log":69,"minecraft:spruce_log":1,"minecraft:dirt":11,"minecraft:dragon_egg":1,"minecraft:string":2,"minecraft:bone":1,"minecraft:wheat_seeds":5,"minecraft:spruce_planks":8,"minecraft:phantom_membrane":1},"minecraft:killed":{"minecraft:cat":2,"minecraft:skeleton":1,"minecraft:wolf":3,"minecraft:wandering_trader":1},"minecraft:custom":{"minecraft:time_since_rest":32745,"minecraft:open_enderchest":1,"minecraft:sprint_one_cm":111224,"minecraft:damage_taken":1436,"minecraft:walk_one_cm":123850,"minecraft:mob_kills":7,"minecraft:interact_with_anvil":3,"minecraft:drop":2,"minecraft:damage_dealt":2042,"minecraft:play_record":1,"minecraft:swim_one_cm":49709,"minecraft:interact_with_crafting_table":1,"minecraft:fly_one_cm":233838,"minecraft:open_chest":59,"minecraft:crouch_one_cm":4113,"minecraft:play_time":278065,"minecraft:open_shulker_box":5,"minecraft:deaths":4,"minecraft:sneak_time":1178,"minecraft:walk_under_water_one_cm":13400,"minecraft:jump":1167,"minecraft:leave_game":3,"minecraft:walk_on_water_one_cm":4846,"minecraft:time_since_death":30076,"minecraft:sleep_in_bed":1,"minecraft:total_world_time":278065,"minecraft:climb_one_cm":3315,"minecraft:fall_one_cm":29905},"minecraft:killed_by":{"minecraft:drowned":1,"minecraft:phantom":1,"minecraft:zombie":2},"minecraft:used":{"minecraft:diamond_boots":1,"minecraft:spruce_planks":72,"minecraft:ender_chest":1,"minecraft:diamond_axe":88,"minecraft:torch":1,"minecraft:dragon_egg":1,"minecraft:diamond_sword":34,"minecraft:dirt":8,"minecraft:crimson_stairs":64,"minecraft:diamond_helmet":1,"minecraft:cooked_beef":7,"minecraft:potato":4,"minecraft:cherry_log":102,"minecraft:diamond_leggings":1},"minecraft:mined":{"minecraft:spruce_planks":8,"minecraft:wheat":2,"minecraft:cherry_log":69,"minecraft:torch":1,"minecraft:short_grass":17,"minecraft:grass_block":12,"minecraft:potatoes":3,"minecraft:dirt":3,"minecraft:tall_grass":1,"minecraft:oak_leaves":3,"minecraft:fern":2}},"DataVersion":3953}