{"stats":{"minecraft:picked_up":{"minecraft:potato":8,"minecraft:spruce_planks":8,"minecraft:phantom_membrane":1},"minecraft:crafted":{"minecraft:diamond_sword":1,"minecraft:diamond_axe":1},"minecraft:custom":{"minecraft:time_since_rest":2146,"minecraft:open_chest":25,"minecraft:open_shulker_box":1,"minecraft:crouch_one_cm":3932,"minecraft:play_time":14327,"minecraft:sprint_one_cm":30721,"minecraft:deaths":1,"minecraft:damage_taken":259,"minecraft:walk_one_cm":13269,"minecraft:sneak_time":1054,"minecraft:walk_under_water_one_cm":13400,"minecraft:jump":298,"minecraft:leave_game":1,"minecraft:time_since_death":4987,"minecraft:walk_on_water_one_cm":4846,"minecraft:sleep_in_bed":1,"minecraft:climb_one_cm":1250,"minecraft:total_world_time":14327,"minecraft:interact_with_crafting_table":1,"minecraft:swim_one_cm":49709,"minecraft:fall_one_cm":7518,"minecraft:fly_one_cm":74716},"minecraft:killed_by":{"minecraft:drowned":1},"minecraft:used":{"minecraft:diamond_boots":1,"minecraft:crimson_stairs":64,"minecraft:diamond_helmet":1,"minecraft:spruce_planks":72,"minecraft:potato":4,"minecraft:cherry_log":9,"minecraft:diamond_axe":7,"minecraft:diamond_leggings":1},"minecraft:mined":{"minecraft:short_grass":10,"minecraft:potatoes":2,"minecraft:spruce_planks":8,"minecraft:tall_grass":1}},"DataVersion":3953}